type,GEOID,racial_majority,month,filings_2020,filings_avg,last_updated
Zip Code,23112,White,20-Jan,41,59,4/8/2023
Zip Code,23112,White,20-Feb,31,52.25,4/8/2023
Zip Code,23112,White,20-Mar,19,43.5,4/8/2023
Zip Code,23112,White,20-Apr,0,43.75,4/8/2023
Zip Code,23112,White,20-May,5,49,4/8/2023
Zip Code,23112,White,20-Jun,8,49.5,4/8/2023
Zip Code,23112,White,20-Jul,9,49.5,4/8/2023
Zip Code,23112,White,20-Aug,6,51,4/8/2023
Zip Code,23112,White,20-Sep,24,49.75,4/8/2023
Zip Code,23112,White,20-Oct,15,50,4/8/2023
Zip Code,23112,White,20-Nov,3,54.25,4/8/2023
Zip Code,23112,White,20-Dec,3,49.75,4/8/2023
Zip Code,23112,White,21-Jan,4,59,4/8/2023
Zip Code,23112,White,21-Feb,7,52,4/8/2023
Zip Code,23112,White,21-Mar,6,43.5,4/8/2023
Zip Code,23112,White,21-Apr,1,43.75,4/8/2023
Zip Code,23112,White,21-May,3,49,4/8/2023
Zip Code,23112,White,21-Jun,4,49.5,4/8/2023
Zip Code,23112,White,21-Jul,0,49.5,4/8/2023
Zip Code,23112,White,21-Aug,5,51,4/8/2023
Zip Code,23112,White,21-Sep,2,49.75,4/8/2023
Zip Code,23112,White,21-Oct,14,50,4/8/2023
Zip Code,23112,White,21-Nov,8,54.25,4/8/2023
Zip Code,23112,White,21-Dec,16,49.75,4/8/2023
Zip Code,23112,White,22-Jan,49,59,4/8/2023
Zip Code,23112,White,22-Feb,28,52,4/8/2023
Zip Code,23112,White,22-Mar,25,43.5,4/8/2023
Zip Code,23112,White,22-Apr,22,43.75,4/8/2023
Zip Code,23112,White,22-May,27,49,4/8/2023
Zip Code,23112,White,22-Jun,45,49.5,4/8/2023
Zip Code,23112,White,22-Jul,46,49.5,4/8/2023
Zip Code,23112,White,22-Aug,75,51,4/8/2023
Zip Code,23112,White,22-Sep,62,49.75,4/8/2023
Zip Code,23112,White,22-Oct,65,50,4/8/2023
Zip Code,23112,White,22-Nov,50,54.25,4/8/2023
Zip Code,23112,White,22-Dec,67,49.75,4/8/2023
Zip Code,23112,White,23-Jan,56,59,4/8/2023
Zip Code,23112,White,23-Feb,84,52,4/8/2023
Zip Code,23112,White,23-Mar,46,43.5,4/8/2023
Zip Code,23112,White,23-Apr,1,1.25,4/8/2023
Zip Code,23113,White,20-Jan,3,12,4/8/2023
Zip Code,23113,White,20-Feb,3,7.5,4/8/2023
Zip Code,23113,White,20-Mar,2,9,4/8/2023
Zip Code,23113,White,20-Apr,0,9.75,4/8/2023
Zip Code,23113,White,20-May,1,11.75,4/8/2023
Zip Code,23113,White,20-Jun,0,9.25,4/8/2023
Zip Code,23113,White,20-Jul,5,7.75,4/8/2023
Zip Code,23113,White,20-Aug,6,9.75,4/8/2023
Zip Code,23113,White,20-Sep,6,8.25,4/8/2023
Zip Code,23113,White,20-Oct,10,6.25,4/8/2023
Zip Code,23113,White,20-Nov,0,7.25,4/8/2023
Zip Code,23113,White,20-Dec,0,10.5,4/8/2023
Zip Code,23113,White,21-Jan,5,12,4/8/2023
Zip Code,23113,White,21-Feb,3,7.5,4/8/2023
Zip Code,23113,White,21-Mar,2,9,4/8/2023
Zip Code,23113,White,21-Apr,0,9.75,4/8/2023
Zip Code,23113,White,21-May,3,11.75,4/8/2023
Zip Code,23113,White,21-Jun,0,9.25,4/8/2023
Zip Code,23113,White,21-Jul,2,7.75,4/8/2023
Zip Code,23113,White,21-Aug,4,9.75,4/8/2023
Zip Code,23113,White,21-Sep,1,8.25,4/8/2023
Zip Code,23113,White,21-Oct,2,6.25,4/8/2023
Zip Code,23113,White,21-Nov,2,7.25,4/8/2023
Zip Code,23113,White,21-Dec,5,10.5,4/8/2023
Zip Code,23113,White,22-Jan,4,12,4/8/2023
Zip Code,23113,White,22-Feb,7,7.5,4/8/2023
Zip Code,23113,White,22-Mar,15,9,4/8/2023
Zip Code,23113,White,22-Apr,1,9.75,4/8/2023
Zip Code,23113,White,22-May,19,11.75,4/8/2023
Zip Code,23113,White,22-Jun,17,9.25,4/8/2023
Zip Code,23113,White,22-Jul,16,7.75,4/8/2023
Zip Code,23113,White,22-Aug,12,9.75,4/8/2023
Zip Code,23113,White,22-Sep,13,8.25,4/8/2023
Zip Code,23113,White,22-Oct,12,6.25,4/8/2023
Zip Code,23113,White,22-Nov,10,7.25,4/8/2023
Zip Code,23113,White,22-Dec,34,10.5,4/8/2023
Zip Code,23113,White,23-Jan,24,12,4/8/2023
Zip Code,23113,White,23-Feb,25,7.5,4/8/2023
Zip Code,23113,White,23-Mar,17,9,4/8/2023
Zip Code,23113,White,23-Apr,0,0,4/8/2023
Zip Code,23114,White,20-Jan,11,16,4/8/2023
Zip Code,23114,White,20-Feb,3,9,4/8/2023
Zip Code,23114,White,20-Mar,1,11,4/8/2023
Zip Code,23114,White,20-Apr,0,13.25,4/8/2023
Zip Code,23114,White,20-May,0,13.25,4/8/2023
Zip Code,23114,White,20-Jun,0,7,4/8/2023
Zip Code,23114,White,20-Jul,4,11,4/8/2023
Zip Code,23114,White,20-Aug,5,8,4/8/2023
Zip Code,23114,White,20-Sep,8,15,4/8/2023
Zip Code,23114,White,20-Oct,13,10.75,4/8/2023
Zip Code,23114,White,20-Nov,1,12.75,4/8/2023
Zip Code,23114,White,20-Dec,0,8.75,4/8/2023
Zip Code,23114,White,21-Jan,1,16,4/8/2023
Zip Code,23114,White,21-Feb,3,9,4/8/2023
Zip Code,23114,White,21-Mar,2,11,4/8/2023
Zip Code,23114,White,21-Apr,0,13.25,4/8/2023
Zip Code,23114,White,21-May,1,13.25,4/8/2023
Zip Code,23114,White,21-Jun,0,7,4/8/2023
Zip Code,23114,White,21-Jul,2,11,4/8/2023
Zip Code,23114,White,21-Aug,4,8,4/8/2023
Zip Code,23114,White,21-Sep,1,15,4/8/2023
Zip Code,23114,White,21-Oct,1,10.75,4/8/2023
Zip Code,23114,White,21-Nov,8,12.75,4/8/2023
Zip Code,23114,White,21-Dec,7,8.75,4/8/2023
Zip Code,23114,White,22-Jan,3,16,4/8/2023
Zip Code,23114,White,22-Feb,4,9,4/8/2023
Zip Code,23114,White,22-Mar,3,11,4/8/2023
Zip Code,23114,White,22-Apr,7,13.25,4/8/2023
Zip Code,23114,White,22-May,7,13.25,4/8/2023
Zip Code,23114,White,22-Jun,7,7,4/8/2023
Zip Code,23114,White,22-Jul,9,11,4/8/2023
Zip Code,23114,White,22-Aug,23,8,4/8/2023
Zip Code,23114,White,22-Sep,21,15,4/8/2023
Zip Code,23114,White,22-Oct,13,10.75,4/8/2023
Zip Code,23114,White,22-Nov,8,12.75,4/8/2023
Zip Code,23114,White,22-Dec,6,8.75,4/8/2023
Zip Code,23114,White,23-Jan,15,16,4/8/2023
Zip Code,23114,White,23-Feb,8,9,4/8/2023
Zip Code,23114,White,23-Mar,19,11,4/8/2023
Zip Code,23114,White,23-Apr,1,1.5,4/8/2023
Zip Code,23120,White,20-Jan,0,0.5,4/8/2023
Zip Code,23120,White,20-Feb,1,1,4/8/2023
Zip Code,23120,White,20-Mar,0,0.25,4/8/2023
Zip Code,23120,White,20-Apr,0,1,4/8/2023
Zip Code,23120,White,20-May,0,0.25,4/8/2023
Zip Code,23120,White,20-Jun,0,0.5,4/8/2023
Zip Code,23120,White,20-Jul,0,0.75,4/8/2023
Zip Code,23120,White,20-Aug,1,0.5,4/8/2023
Zip Code,23120,White,20-Sep,0,0.25,4/8/2023
Zip Code,23120,White,20-Oct,0,0.5,4/8/2023
Zip Code,23120,White,20-Nov,0,1,4/8/2023
Zip Code,23120,White,20-Dec,0,0.25,4/8/2023
Zip Code,23120,White,21-Jan,1,0.5,4/8/2023
Zip Code,23120,White,21-Feb,0,1,4/8/2023
Zip Code,23120,White,21-Mar,0,0.25,4/8/2023
Zip Code,23120,White,21-Apr,1,1,4/8/2023
Zip Code,23120,White,21-May,2,0.25,4/8/2023
Zip Code,23120,White,21-Jun,0,0.5,4/8/2023
Zip Code,23120,White,21-Jul,1,0.75,4/8/2023
Zip Code,23120,White,21-Aug,0,0.5,4/8/2023
Zip Code,23120,White,21-Sep,0,0.25,4/8/2023
Zip Code,23120,White,21-Oct,0,0.5,4/8/2023
Zip Code,23120,White,21-Nov,1,1,4/8/2023
Zip Code,23120,White,21-Dec,0,0.25,4/8/2023
Zip Code,23120,White,22-Jan,0,0.5,4/8/2023
Zip Code,23120,White,22-Feb,0,1,4/8/2023
Zip Code,23120,White,22-Mar,2,0.25,4/8/2023
Zip Code,23120,White,22-Apr,1,1,4/8/2023
Zip Code,23120,White,22-May,1,0.25,4/8/2023
Zip Code,23120,White,22-Jun,0,0.5,4/8/2023
Zip Code,23120,White,22-Jul,0,0.75,4/8/2023
Zip Code,23120,White,22-Aug,1,0.5,4/8/2023
Zip Code,23120,White,22-Sep,14,0.25,4/8/2023
Zip Code,23120,White,22-Oct,8,0.5,4/8/2023
Zip Code,23120,White,22-Nov,3,1,4/8/2023
Zip Code,23120,White,22-Dec,7,0.25,4/8/2023
Zip Code,23120,White,23-Jan,11,0.5,4/8/2023
Zip Code,23120,White,23-Feb,7,1,4/8/2023
Zip Code,23120,White,23-Mar,5,0.25,4/8/2023
Zip Code,23120,White,23-Apr,0,0.25,4/8/2023
Zip Code,23218,Other,20-Jan,0,0,4/8/2023
Zip Code,23218,Other,20-Feb,0,0,4/8/2023
Zip Code,23218,Other,20-Mar,0,0,4/8/2023
Zip Code,23218,Other,20-Apr,0,0,4/8/2023
Zip Code,23218,Other,20-May,0,0,4/8/2023
Zip Code,23218,Other,20-Jun,0,0,4/8/2023
Zip Code,23218,Other,20-Jul,0,0,4/8/2023
Zip Code,23218,Other,20-Aug,0,0,4/8/2023
Zip Code,23218,Other,20-Sep,0,0,4/8/2023
Zip Code,23218,Other,20-Oct,0,0,4/8/2023
Zip Code,23218,Other,20-Nov,0,0,4/8/2023
Zip Code,23218,Other,20-Dec,0,0,4/8/2023
Zip Code,23218,Other,21-Jan,0,0,4/8/2023
Zip Code,23218,Other,21-Feb,0,0,4/8/2023
Zip Code,23218,Other,21-Mar,0,0,4/8/2023
Zip Code,23218,Other,21-Apr,0,0,4/8/2023
Zip Code,23218,Other,21-May,0,0,4/8/2023
Zip Code,23218,Other,21-Jun,0,0,4/8/2023
Zip Code,23218,Other,21-Jul,0,0,4/8/2023
Zip Code,23218,Other,21-Aug,0,0,4/8/2023
Zip Code,23218,Other,21-Sep,0,0,4/8/2023
Zip Code,23218,Other,21-Oct,0,0,4/8/2023
Zip Code,23218,Other,21-Nov,0,0,4/8/2023
Zip Code,23218,Other,21-Dec,0,0,4/8/2023
Zip Code,23218,Other,22-Jan,0,0,4/8/2023
Zip Code,23218,Other,22-Feb,0,0,4/8/2023
Zip Code,23218,Other,22-Mar,0,0,4/8/2023
Zip Code,23218,Other,22-Apr,0,0,4/8/2023
Zip Code,23218,Other,22-May,0,0,4/8/2023
Zip Code,23218,Other,22-Jun,0,0,4/8/2023
Zip Code,23218,Other,22-Jul,0,0,4/8/2023
Zip Code,23218,Other,22-Aug,0,0,4/8/2023
Zip Code,23218,Other,22-Sep,0,0,4/8/2023
Zip Code,23218,Other,22-Oct,0,0,4/8/2023
Zip Code,23218,Other,22-Nov,0,0,4/8/2023
Zip Code,23218,Other,22-Dec,0,0,4/8/2023
Zip Code,23218,Other,23-Jan,0,0,4/8/2023
Zip Code,23218,Other,23-Feb,0,0,4/8/2023
Zip Code,23218,Other,23-Mar,0,0,4/8/2023
Zip Code,23218,Other,23-Apr,0,0,4/8/2023
Zip Code,23219,Other,20-Jan,33,39.5,4/8/2023
Zip Code,23219,Other,20-Feb,29,41,4/8/2023
Zip Code,23219,Other,20-Mar,18,26.5,4/8/2023
Zip Code,23219,Other,20-Apr,8,25.75,4/8/2023
Zip Code,23219,Other,20-May,1,36.25,4/8/2023
Zip Code,23219,Other,20-Jun,1,26.75,4/8/2023
Zip Code,23219,Other,20-Jul,11,30,4/8/2023
Zip Code,23219,Other,20-Aug,22,24.75,4/8/2023
Zip Code,23219,Other,20-Sep,29,30.5,4/8/2023
Zip Code,23219,Other,20-Oct,12,33.75,4/8/2023
Zip Code,23219,Other,20-Nov,4,27.75,4/8/2023
Zip Code,23219,Other,20-Dec,3,22.25,4/8/2023
Zip Code,23219,Other,21-Jan,16,39.5,4/8/2023
Zip Code,23219,Other,21-Feb,11,39.75,4/8/2023
Zip Code,23219,Other,21-Mar,6,26.5,4/8/2023
Zip Code,23219,Other,21-Apr,9,25.75,4/8/2023
Zip Code,23219,Other,21-May,1,36.25,4/8/2023
Zip Code,23219,Other,21-Jun,4,26.75,4/8/2023
Zip Code,23219,Other,21-Jul,4,30,4/8/2023
Zip Code,23219,Other,21-Aug,2,24.75,4/8/2023
Zip Code,23219,Other,21-Sep,6,30.5,4/8/2023
Zip Code,23219,Other,21-Oct,3,33.75,4/8/2023
Zip Code,23219,Other,21-Nov,6,27.75,4/8/2023
Zip Code,23219,Other,21-Dec,5,22.25,4/8/2023
Zip Code,23219,Other,22-Jan,8,39.5,4/8/2023
Zip Code,23219,Other,22-Feb,6,39.75,4/8/2023
Zip Code,23219,Other,22-Mar,35,26.5,4/8/2023
Zip Code,23219,Other,22-Apr,16,25.75,4/8/2023
Zip Code,23219,Other,22-May,9,36.25,4/8/2023
Zip Code,23219,Other,22-Jun,33,26.75,4/8/2023
Zip Code,23219,Other,22-Jul,57,30,4/8/2023
Zip Code,23219,Other,22-Aug,62,24.75,4/8/2023
Zip Code,23219,Other,22-Sep,89,30.5,4/8/2023
Zip Code,23219,Other,22-Oct,71,33.75,4/8/2023
Zip Code,23219,Other,22-Nov,30,27.75,4/8/2023
Zip Code,23219,Other,22-Dec,61,22.25,4/8/2023
Zip Code,23219,Other,23-Jan,69,39.5,4/8/2023
Zip Code,23219,Other,23-Feb,31,39.75,4/8/2023
Zip Code,23219,Other,23-Mar,41,26.5,4/8/2023
Zip Code,23219,Other,23-Apr,3,2,4/8/2023
Zip Code,23220,White,20-Jan,91,146.5,4/8/2023
Zip Code,23220,White,20-Feb,48,128.5,4/8/2023
Zip Code,23220,White,20-Mar,60,119.75,4/8/2023
Zip Code,23220,White,20-Apr,18,93.5,4/8/2023
Zip Code,23220,White,20-May,33,116.5,4/8/2023
Zip Code,23220,White,20-Jun,4,123.5,4/8/2023
Zip Code,23220,White,20-Jul,27,105.25,4/8/2023
Zip Code,23220,White,20-Aug,26,84.25,4/8/2023
Zip Code,23220,White,20-Sep,34,93.25,4/8/2023
Zip Code,23220,White,20-Oct,38,104.5,4/8/2023
Zip Code,23220,White,20-Nov,19,111,4/8/2023
Zip Code,23220,White,20-Dec,10,78.75,4/8/2023
Zip Code,23220,White,21-Jan,15,146.5,4/8/2023
Zip Code,23220,White,21-Feb,2,128.25,4/8/2023
Zip Code,23220,White,21-Mar,32,119.75,4/8/2023
Zip Code,23220,White,21-Apr,6,93.5,4/8/2023
Zip Code,23220,White,21-May,24,116.5,4/8/2023
Zip Code,23220,White,21-Jun,10,123.5,4/8/2023
Zip Code,23220,White,21-Jul,14,105.25,4/8/2023
Zip Code,23220,White,21-Aug,16,84.25,4/8/2023
Zip Code,23220,White,21-Sep,17,93.25,4/8/2023
Zip Code,23220,White,21-Oct,28,104.5,4/8/2023
Zip Code,23220,White,21-Nov,14,111,4/8/2023
Zip Code,23220,White,21-Dec,12,78.75,4/8/2023
Zip Code,23220,White,22-Jan,18,146.5,4/8/2023
Zip Code,23220,White,22-Feb,10,128.25,4/8/2023
Zip Code,23220,White,22-Mar,36,119.75,4/8/2023
Zip Code,23220,White,22-Apr,23,93.5,4/8/2023
Zip Code,23220,White,22-May,29,116.5,4/8/2023
Zip Code,23220,White,22-Jun,42,123.5,4/8/2023
Zip Code,23220,White,22-Jul,91,105.25,4/8/2023
Zip Code,23220,White,22-Aug,64,84.25,4/8/2023
Zip Code,23220,White,22-Sep,95,93.25,4/8/2023
Zip Code,23220,White,22-Oct,102,104.5,4/8/2023
Zip Code,23220,White,22-Nov,83,111,4/8/2023
Zip Code,23220,White,22-Dec,77,78.75,4/8/2023
Zip Code,23220,White,23-Jan,78,146.5,4/8/2023
Zip Code,23220,White,23-Feb,108,128.25,4/8/2023
Zip Code,23220,White,23-Mar,96,119.75,4/8/2023
Zip Code,23220,White,23-Apr,6,11.75,4/8/2023
Zip Code,23221,White,20-Jan,7,11,4/8/2023
Zip Code,23221,White,20-Feb,6,12.5,4/8/2023
Zip Code,23221,White,20-Mar,1,9.75,4/8/2023
Zip Code,23221,White,20-Apr,3,8.25,4/8/2023
Zip Code,23221,White,20-May,2,8,4/8/2023
Zip Code,23221,White,20-Jun,1,9,4/8/2023
Zip Code,23221,White,20-Jul,3,7.75,4/8/2023
Zip Code,23221,White,20-Aug,4,8.5,4/8/2023
Zip Code,23221,White,20-Sep,7,8.25,4/8/2023
Zip Code,23221,White,20-Oct,3,8.75,4/8/2023
Zip Code,23221,White,20-Nov,0,10.5,4/8/2023
Zip Code,23221,White,20-Dec,0,8.25,4/8/2023
Zip Code,23221,White,21-Jan,3,11,4/8/2023
Zip Code,23221,White,21-Feb,1,12.5,4/8/2023
Zip Code,23221,White,21-Mar,0,9.75,4/8/2023
Zip Code,23221,White,21-Apr,0,8.25,4/8/2023
Zip Code,23221,White,21-May,3,8,4/8/2023
Zip Code,23221,White,21-Jun,2,9,4/8/2023
Zip Code,23221,White,21-Jul,1,7.75,4/8/2023
Zip Code,23221,White,21-Aug,3,8.5,4/8/2023
Zip Code,23221,White,21-Sep,4,8.25,4/8/2023
Zip Code,23221,White,21-Oct,3,8.75,4/8/2023
Zip Code,23221,White,21-Nov,1,10.5,4/8/2023
Zip Code,23221,White,21-Dec,3,8.25,4/8/2023
Zip Code,23221,White,22-Jan,0,11,4/8/2023
Zip Code,23221,White,22-Feb,5,12.5,4/8/2023
Zip Code,23221,White,22-Mar,0,9.75,4/8/2023
Zip Code,23221,White,22-Apr,3,8.25,4/8/2023
Zip Code,23221,White,22-May,5,8,4/8/2023
Zip Code,23221,White,22-Jun,3,9,4/8/2023
Zip Code,23221,White,22-Jul,21,7.75,4/8/2023
Zip Code,23221,White,22-Aug,3,8.5,4/8/2023
Zip Code,23221,White,22-Sep,6,8.25,4/8/2023
Zip Code,23221,White,22-Oct,15,8.75,4/8/2023
Zip Code,23221,White,22-Nov,2,10.5,4/8/2023
Zip Code,23221,White,22-Dec,5,8.25,4/8/2023
Zip Code,23221,White,23-Jan,4,11,4/8/2023
Zip Code,23221,White,23-Feb,9,12.5,4/8/2023
Zip Code,23221,White,23-Mar,11,9.75,4/8/2023
Zip Code,23221,White,23-Apr,1,0.25,4/8/2023
Zip Code,23222,Black,20-Jan,159,147.5,4/8/2023
Zip Code,23222,Black,20-Feb,100,116,4/8/2023
Zip Code,23222,Black,20-Mar,67,101,4/8/2023
Zip Code,23222,Black,20-Apr,30,108.5,4/8/2023
Zip Code,23222,Black,20-May,26,132.5,4/8/2023
Zip Code,23222,Black,20-Jun,21,150.75,4/8/2023
Zip Code,23222,Black,20-Jul,60,126.5,4/8/2023
Zip Code,23222,Black,20-Aug,37,142,4/8/2023
Zip Code,23222,Black,20-Sep,45,117.5,4/8/2023
Zip Code,23222,Black,20-Oct,37,126.25,4/8/2023
Zip Code,23222,Black,20-Nov,29,154.75,4/8/2023
Zip Code,23222,Black,20-Dec,11,93.5,4/8/2023
Zip Code,23222,Black,21-Jan,14,147.5,4/8/2023
Zip Code,23222,Black,21-Feb,8,115.75,4/8/2023
Zip Code,23222,Black,21-Mar,24,101,4/8/2023
Zip Code,23222,Black,21-Apr,5,108.5,4/8/2023
Zip Code,23222,Black,21-May,15,132.5,4/8/2023
Zip Code,23222,Black,21-Jun,7,150.75,4/8/2023
Zip Code,23222,Black,21-Jul,31,126.5,4/8/2023
Zip Code,23222,Black,21-Aug,23,142,4/8/2023
Zip Code,23222,Black,21-Sep,9,117.5,4/8/2023
Zip Code,23222,Black,21-Oct,10,126.25,4/8/2023
Zip Code,23222,Black,21-Nov,12,154.75,4/8/2023
Zip Code,23222,Black,21-Dec,12,93.5,4/8/2023
Zip Code,23222,Black,22-Jan,13,147.5,4/8/2023
Zip Code,23222,Black,22-Feb,18,115.75,4/8/2023
Zip Code,23222,Black,22-Mar,21,101,4/8/2023
Zip Code,23222,Black,22-Apr,23,108.5,4/8/2023
Zip Code,23222,Black,22-May,22,132.5,4/8/2023
Zip Code,23222,Black,22-Jun,21,150.75,4/8/2023
Zip Code,23222,Black,22-Jul,55,126.5,4/8/2023
Zip Code,23222,Black,22-Aug,84,142,4/8/2023
Zip Code,23222,Black,22-Sep,101,117.5,4/8/2023
Zip Code,23222,Black,22-Oct,122,126.25,4/8/2023
Zip Code,23222,Black,22-Nov,62,154.75,4/8/2023
Zip Code,23222,Black,22-Dec,62,93.5,4/8/2023
Zip Code,23222,Black,23-Jan,69,147.5,4/8/2023
Zip Code,23222,Black,23-Feb,77,115.75,4/8/2023
Zip Code,23222,Black,23-Mar,51,101,4/8/2023
Zip Code,23222,Black,23-Apr,5,5.5,4/8/2023
Zip Code,23223,Black,20-Jan,136,225,4/8/2023
Zip Code,23223,Black,20-Feb,125,182.5,4/8/2023
Zip Code,23223,Black,20-Mar,68,163.25,4/8/2023
Zip Code,23223,Black,20-Apr,40,180.25,4/8/2023
Zip Code,23223,Black,20-May,35,187.25,4/8/2023
Zip Code,23223,Black,20-Jun,9,230.5,4/8/2023
Zip Code,23223,Black,20-Jul,40,227,4/8/2023
Zip Code,23223,Black,20-Aug,83,226.75,4/8/2023
Zip Code,23223,Black,20-Sep,99,231,4/8/2023
Zip Code,23223,Black,20-Oct,88,231.25,4/8/2023
Zip Code,23223,Black,20-Nov,35,168.5,4/8/2023
Zip Code,23223,Black,20-Dec,9,196.25,4/8/2023
Zip Code,23223,Black,21-Jan,16,225,4/8/2023
Zip Code,23223,Black,21-Feb,38,181.25,4/8/2023
Zip Code,23223,Black,21-Mar,42,163.25,4/8/2023
Zip Code,23223,Black,21-Apr,12,180.25,4/8/2023
Zip Code,23223,Black,21-May,28,187.25,4/8/2023
Zip Code,23223,Black,21-Jun,27,230.5,4/8/2023
Zip Code,23223,Black,21-Jul,31,227,4/8/2023
Zip Code,23223,Black,21-Aug,15,226.75,4/8/2023
Zip Code,23223,Black,21-Sep,22,231,4/8/2023
Zip Code,23223,Black,21-Oct,26,231.25,4/8/2023
Zip Code,23223,Black,21-Nov,22,168.5,4/8/2023
Zip Code,23223,Black,21-Dec,24,196.25,4/8/2023
Zip Code,23223,Black,22-Jan,60,225,4/8/2023
Zip Code,23223,Black,22-Feb,29,181.25,4/8/2023
Zip Code,23223,Black,22-Mar,49,163.25,4/8/2023
Zip Code,23223,Black,22-Apr,30,180.25,4/8/2023
Zip Code,23223,Black,22-May,89,187.25,4/8/2023
Zip Code,23223,Black,22-Jun,96,230.5,4/8/2023
Zip Code,23223,Black,22-Jul,119,227,4/8/2023
Zip Code,23223,Black,22-Aug,176,226.75,4/8/2023
Zip Code,23223,Black,22-Sep,165,231,4/8/2023
Zip Code,23223,Black,22-Oct,168,231.25,4/8/2023
Zip Code,23223,Black,22-Nov,113,168.5,4/8/2023
Zip Code,23223,Black,22-Dec,147,196.25,4/8/2023
Zip Code,23223,Black,23-Jan,154,225,4/8/2023
Zip Code,23223,Black,23-Feb,152,181.25,4/8/2023
Zip Code,23223,Black,23-Mar,180,163.25,4/8/2023
Zip Code,23223,Black,23-Apr,7,35.25,4/8/2023
Zip Code,23224,Black,20-Jan,353,444,4/8/2023
Zip Code,23224,Black,20-Feb,284,346.75,4/8/2023
Zip Code,23224,Black,20-Mar,177,293.25,4/8/2023
Zip Code,23224,Black,20-Apr,26,307,4/8/2023
Zip Code,23224,Black,20-May,75,319.25,4/8/2023
Zip Code,23224,Black,20-Jun,47,365.25,4/8/2023
Zip Code,23224,Black,20-Jul,90,405.25,4/8/2023
Zip Code,23224,Black,20-Aug,150,368,4/8/2023
Zip Code,23224,Black,20-Sep,261,412.75,4/8/2023
Zip Code,23224,Black,20-Oct,221,374,4/8/2023
Zip Code,23224,Black,20-Nov,62,347.25,4/8/2023
Zip Code,23224,Black,20-Dec,27,307,4/8/2023
Zip Code,23224,Black,21-Jan,30,444,4/8/2023
Zip Code,23224,Black,21-Feb,21,346.75,4/8/2023
Zip Code,23224,Black,21-Mar,90,293.25,4/8/2023
Zip Code,23224,Black,21-Apr,32,307,4/8/2023
Zip Code,23224,Black,21-May,63,319.25,4/8/2023
Zip Code,23224,Black,21-Jun,75,365.25,4/8/2023
Zip Code,23224,Black,21-Jul,86,405.25,4/8/2023
Zip Code,23224,Black,21-Aug,127,368,4/8/2023
Zip Code,23224,Black,21-Sep,98,412.75,4/8/2023
Zip Code,23224,Black,21-Oct,72,374,4/8/2023
Zip Code,23224,Black,21-Nov,55,347.25,4/8/2023
Zip Code,23224,Black,21-Dec,63,307,4/8/2023
Zip Code,23224,Black,22-Jan,57,444,4/8/2023
Zip Code,23224,Black,22-Feb,83,346.75,4/8/2023
Zip Code,23224,Black,22-Mar,173,293.25,4/8/2023
Zip Code,23224,Black,22-Apr,118,307,4/8/2023
Zip Code,23224,Black,22-May,130,319.25,4/8/2023
Zip Code,23224,Black,22-Jun,145,365.25,4/8/2023
Zip Code,23224,Black,22-Jul,351,405.25,4/8/2023
Zip Code,23224,Black,22-Aug,407,368,4/8/2023
Zip Code,23224,Black,22-Sep,249,412.75,4/8/2023
Zip Code,23224,Black,22-Oct,348,374,4/8/2023
Zip Code,23224,Black,22-Nov,312,347.25,4/8/2023
Zip Code,23224,Black,22-Dec,307,307,4/8/2023
Zip Code,23224,Black,23-Jan,290,444,4/8/2023
Zip Code,23224,Black,23-Feb,445,346.75,4/8/2023
Zip Code,23224,Black,23-Mar,281,293.25,4/8/2023
Zip Code,23224,Black,23-Apr,57,23,4/8/2023
Zip Code,23225,Other,20-Jan,302,410.5,4/8/2023
Zip Code,23225,Other,20-Feb,349,359.75,4/8/2023
Zip Code,23225,Other,20-Mar,222,280.5,4/8/2023
Zip Code,23225,Other,20-Apr,63,269,4/8/2023
Zip Code,23225,Other,20-May,19,317.5,4/8/2023
Zip Code,23225,Other,20-Jun,8,401.25,4/8/2023
Zip Code,23225,Other,20-Jul,45,392.5,4/8/2023
Zip Code,23225,Other,20-Aug,146,386.5,4/8/2023
Zip Code,23225,Other,20-Sep,282,386.25,4/8/2023
Zip Code,23225,Other,20-Oct,428,357.5,4/8/2023
Zip Code,23225,Other,20-Nov,72,376.25,4/8/2023
Zip Code,23225,Other,20-Dec,13,407.75,4/8/2023
Zip Code,23225,Other,21-Jan,95,410.5,4/8/2023
Zip Code,23225,Other,21-Feb,66,357.75,4/8/2023
Zip Code,23225,Other,21-Mar,118,280.5,4/8/2023
Zip Code,23225,Other,21-Apr,35,269,4/8/2023
Zip Code,23225,Other,21-May,124,317.5,4/8/2023
Zip Code,23225,Other,21-Jun,42,401.25,4/8/2023
Zip Code,23225,Other,21-Jul,114,392.5,4/8/2023
Zip Code,23225,Other,21-Aug,221,386.5,4/8/2023
Zip Code,23225,Other,21-Sep,117,386.25,4/8/2023
Zip Code,23225,Other,21-Oct,163,357.5,4/8/2023
Zip Code,23225,Other,21-Nov,122,376.25,4/8/2023
Zip Code,23225,Other,21-Dec,72,407.75,4/8/2023
Zip Code,23225,Other,22-Jan,57,410.5,4/8/2023
Zip Code,23225,Other,22-Feb,173,357.75,4/8/2023
Zip Code,23225,Other,22-Mar,224,280.5,4/8/2023
Zip Code,23225,Other,22-Apr,227,269,4/8/2023
Zip Code,23225,Other,22-May,228,317.5,4/8/2023
Zip Code,23225,Other,22-Jun,211,401.25,4/8/2023
Zip Code,23225,Other,22-Jul,254,392.5,4/8/2023
Zip Code,23225,Other,22-Aug,310,386.5,4/8/2023
Zip Code,23225,Other,22-Sep,512,386.25,4/8/2023
Zip Code,23225,Other,22-Oct,403,357.5,4/8/2023
Zip Code,23225,Other,22-Nov,516,376.25,4/8/2023
Zip Code,23225,Other,22-Dec,300,407.75,4/8/2023
Zip Code,23225,Other,23-Jan,310,410.5,4/8/2023
Zip Code,23225,Other,23-Feb,340,357.75,4/8/2023
Zip Code,23225,Other,23-Mar,533,280.5,4/8/2023
Zip Code,23225,Other,23-Apr,10,5,4/8/2023
Zip Code,23226,White,20-Jan,1,1.75,4/8/2023
Zip Code,23226,White,20-Feb,1,1.75,4/8/2023
Zip Code,23226,White,20-Mar,1,1.25,4/8/2023
Zip Code,23226,White,20-Apr,0,1,4/8/2023
Zip Code,23226,White,20-May,1,2,4/8/2023
Zip Code,23226,White,20-Jun,0,1.25,4/8/2023
Zip Code,23226,White,20-Jul,1,2,4/8/2023
Zip Code,23226,White,20-Aug,0,1.75,4/8/2023
Zip Code,23226,White,20-Sep,0,0,4/8/2023
Zip Code,23226,White,20-Oct,0,2,4/8/2023
Zip Code,23226,White,20-Nov,0,1.5,4/8/2023
Zip Code,23226,White,20-Dec,0,1,4/8/2023
Zip Code,23226,White,21-Jan,0,1.75,4/8/2023
Zip Code,23226,White,21-Feb,0,1.75,4/8/2023
Zip Code,23226,White,21-Mar,1,1.25,4/8/2023
Zip Code,23226,White,21-Apr,0,1,4/8/2023
Zip Code,23226,White,21-May,0,2,4/8/2023
Zip Code,23226,White,21-Jun,0,1.25,4/8/2023
Zip Code,23226,White,21-Jul,0,2,4/8/2023
Zip Code,23226,White,21-Aug,0,1.75,4/8/2023
Zip Code,23226,White,21-Sep,1,0,4/8/2023
Zip Code,23226,White,21-Oct,1,2,4/8/2023
Zip Code,23226,White,21-Nov,0,1.5,4/8/2023
Zip Code,23226,White,21-Dec,0,1,4/8/2023
Zip Code,23226,White,22-Jan,1,1.75,4/8/2023
Zip Code,23226,White,22-Feb,0,1.75,4/8/2023
Zip Code,23226,White,22-Mar,0,1.25,4/8/2023
Zip Code,23226,White,22-Apr,2,1,4/8/2023
Zip Code,23226,White,22-May,1,2,4/8/2023
Zip Code,23226,White,22-Jun,2,1.25,4/8/2023
Zip Code,23226,White,22-Jul,0,2,4/8/2023
Zip Code,23226,White,22-Aug,2,1.75,4/8/2023
Zip Code,23226,White,22-Sep,1,0,4/8/2023
Zip Code,23226,White,22-Oct,3,2,4/8/2023
Zip Code,23226,White,22-Nov,2,1.5,4/8/2023
Zip Code,23226,White,22-Dec,0,1,4/8/2023
Zip Code,23226,White,23-Jan,1,1.75,4/8/2023
Zip Code,23226,White,23-Feb,0,1.75,4/8/2023
Zip Code,23226,White,23-Mar,0,1.25,4/8/2023
Zip Code,23226,White,23-Apr,0,0,4/8/2023
Zip Code,23227,Other,20-Jan,192,156,4/8/2023
Zip Code,23227,Other,20-Feb,90,122.5,4/8/2023
Zip Code,23227,Other,20-Mar,51,125.5,4/8/2023
Zip Code,23227,Other,20-Apr,1,133.75,4/8/2023
Zip Code,23227,Other,20-May,95,103.5,4/8/2023
Zip Code,23227,Other,20-Jun,0,148.5,4/8/2023
Zip Code,23227,Other,20-Jul,79,132,4/8/2023
Zip Code,23227,Other,20-Aug,48,119,4/8/2023
Zip Code,23227,Other,20-Sep,20,155.25,4/8/2023
Zip Code,23227,Other,20-Oct,61,149,4/8/2023
Zip Code,23227,Other,20-Nov,3,80.25,4/8/2023
Zip Code,23227,Other,20-Dec,2,74.5,4/8/2023
Zip Code,23227,Other,21-Jan,4,156,4/8/2023
Zip Code,23227,Other,21-Feb,1,122.5,4/8/2023
Zip Code,23227,Other,21-Mar,1,125.5,4/8/2023
Zip Code,23227,Other,21-Apr,6,133.75,4/8/2023
Zip Code,23227,Other,21-May,4,103.5,4/8/2023
Zip Code,23227,Other,21-Jun,3,148.5,4/8/2023
Zip Code,23227,Other,21-Jul,4,132,4/8/2023
Zip Code,23227,Other,21-Aug,1,119,4/8/2023
Zip Code,23227,Other,21-Sep,1,155.25,4/8/2023
Zip Code,23227,Other,21-Oct,9,149,4/8/2023
Zip Code,23227,Other,21-Nov,4,80.25,4/8/2023
Zip Code,23227,Other,21-Dec,3,74.5,4/8/2023
Zip Code,23227,Other,22-Jan,7,156,4/8/2023
Zip Code,23227,Other,22-Feb,6,122.5,4/8/2023
Zip Code,23227,Other,22-Mar,5,125.5,4/8/2023
Zip Code,23227,Other,22-Apr,31,133.75,4/8/2023
Zip Code,23227,Other,22-May,4,103.5,4/8/2023
Zip Code,23227,Other,22-Jun,4,148.5,4/8/2023
Zip Code,23227,Other,22-Jul,16,132,4/8/2023
Zip Code,23227,Other,22-Aug,4,119,4/8/2023
Zip Code,23227,Other,22-Sep,10,155.25,4/8/2023
Zip Code,23227,Other,22-Oct,26,149,4/8/2023
Zip Code,23227,Other,22-Nov,72,80.25,4/8/2023
Zip Code,23227,Other,22-Dec,13,74.5,4/8/2023
Zip Code,23227,Other,23-Jan,23,156,4/8/2023
Zip Code,23227,Other,23-Feb,41,122.5,4/8/2023
Zip Code,23227,Other,23-Mar,15,125.5,4/8/2023
Zip Code,23227,Other,23-Apr,2,16,4/8/2023
Zip Code,23228,White,20-Jan,1,0.5,4/8/2023
Zip Code,23228,White,20-Feb,0,0,4/8/2023
Zip Code,23228,White,20-Mar,0,0,4/8/2023
Zip Code,23228,White,20-Apr,0,0.25,4/8/2023
Zip Code,23228,White,20-May,1,0.25,4/8/2023
Zip Code,23228,White,20-Jun,1,0.25,4/8/2023
Zip Code,23228,White,20-Jul,0,0.5,4/8/2023
Zip Code,23228,White,20-Aug,0,0.75,4/8/2023
Zip Code,23228,White,20-Sep,0,0,4/8/2023
Zip Code,23228,White,20-Oct,1,0.75,4/8/2023
Zip Code,23228,White,20-Nov,0,0.75,4/8/2023
Zip Code,23228,White,20-Dec,0,0.75,4/8/2023
Zip Code,23228,White,21-Jan,0,0.5,4/8/2023
Zip Code,23228,White,21-Feb,0,0,4/8/2023
Zip Code,23228,White,21-Mar,0,0,4/8/2023
Zip Code,23228,White,21-Apr,0,0.25,4/8/2023
Zip Code,23228,White,21-May,1,0.25,4/8/2023
Zip Code,23228,White,21-Jun,0,0.25,4/8/2023
Zip Code,23228,White,21-Jul,0,0.5,4/8/2023
Zip Code,23228,White,21-Aug,0,0.75,4/8/2023
Zip Code,23228,White,21-Sep,0,0,4/8/2023
Zip Code,23228,White,21-Oct,0,0.75,4/8/2023
Zip Code,23228,White,21-Nov,0,0.75,4/8/2023
Zip Code,23228,White,21-Dec,0,0.75,4/8/2023
Zip Code,23228,White,22-Jan,0,0.5,4/8/2023
Zip Code,23228,White,22-Feb,0,0,4/8/2023
Zip Code,23228,White,22-Mar,0,0,4/8/2023
Zip Code,23228,White,22-Apr,0,0.25,4/8/2023
Zip Code,23228,White,22-May,0,0.25,4/8/2023
Zip Code,23228,White,22-Jun,1,0.25,4/8/2023
Zip Code,23228,White,22-Jul,0,0.5,4/8/2023
Zip Code,23228,White,22-Aug,0,0.75,4/8/2023
Zip Code,23228,White,22-Sep,2,0,4/8/2023
Zip Code,23228,White,22-Oct,0,0.75,4/8/2023
Zip Code,23228,White,22-Nov,1,0.75,4/8/2023
Zip Code,23228,White,22-Dec,0,0.75,4/8/2023
Zip Code,23228,White,23-Jan,0,0.5,4/8/2023
Zip Code,23228,White,23-Feb,0,0,4/8/2023
Zip Code,23228,White,23-Mar,0,0,4/8/2023
Zip Code,23228,White,23-Apr,0,0,4/8/2023
Zip Code,23229,White,20-Jan,3,0.25,4/8/2023
Zip Code,23229,White,20-Feb,0,0,4/8/2023
Zip Code,23229,White,20-Mar,0,0.25,4/8/2023
Zip Code,23229,White,20-Apr,0,0,4/8/2023
Zip Code,23229,White,20-May,0,1,4/8/2023
Zip Code,23229,White,20-Jun,1,0,4/8/2023
Zip Code,23229,White,20-Jul,0,0.25,4/8/2023
Zip Code,23229,White,20-Aug,0,0.25,4/8/2023
Zip Code,23229,White,20-Sep,0,0.25,4/8/2023
Zip Code,23229,White,20-Oct,0,0.25,4/8/2023
Zip Code,23229,White,20-Nov,0,1,4/8/2023
Zip Code,23229,White,20-Dec,0,0.75,4/8/2023
Zip Code,23229,White,21-Jan,0,0.25,4/8/2023
Zip Code,23229,White,21-Feb,0,0,4/8/2023
Zip Code,23229,White,21-Mar,0,0.25,4/8/2023
Zip Code,23229,White,21-Apr,0,0,4/8/2023
Zip Code,23229,White,21-May,0,1,4/8/2023
Zip Code,23229,White,21-Jun,0,0,4/8/2023
Zip Code,23229,White,21-Jul,1,0.25,4/8/2023
Zip Code,23229,White,21-Aug,0,0.25,4/8/2023
Zip Code,23229,White,21-Sep,0,0.25,4/8/2023
Zip Code,23229,White,21-Oct,0,0.25,4/8/2023
Zip Code,23229,White,21-Nov,0,1,4/8/2023
Zip Code,23229,White,21-Dec,0,0.75,4/8/2023
Zip Code,23229,White,22-Jan,0,0.25,4/8/2023
Zip Code,23229,White,22-Feb,0,0,4/8/2023
Zip Code,23229,White,22-Mar,0,0.25,4/8/2023
Zip Code,23229,White,22-Apr,0,0,4/8/2023
Zip Code,23229,White,22-May,1,1,4/8/2023
Zip Code,23229,White,22-Jun,0,0,4/8/2023
Zip Code,23229,White,22-Jul,0,0.25,4/8/2023
Zip Code,23229,White,22-Aug,0,0.25,4/8/2023
Zip Code,23229,White,22-Sep,2,0.25,4/8/2023
Zip Code,23229,White,22-Oct,0,0.25,4/8/2023
Zip Code,23229,White,22-Nov,1,1,4/8/2023
Zip Code,23229,White,22-Dec,0,0.75,4/8/2023
Zip Code,23229,White,23-Jan,0,0.25,4/8/2023
Zip Code,23229,White,23-Feb,0,0,4/8/2023
Zip Code,23229,White,23-Mar,1,0.25,4/8/2023
Zip Code,23229,White,23-Apr,0,0,4/8/2023
Zip Code,23230,White,20-Jan,5,7.75,4/8/2023
Zip Code,23230,White,20-Feb,3,5.25,4/8/2023
Zip Code,23230,White,20-Mar,4,6.25,4/8/2023
Zip Code,23230,White,20-Apr,4,6,4/8/2023
Zip Code,23230,White,20-May,2,7.5,4/8/2023
Zip Code,23230,White,20-Jun,1,8.25,4/8/2023
Zip Code,23230,White,20-Jul,4,7.5,4/8/2023
Zip Code,23230,White,20-Aug,2,9,4/8/2023
Zip Code,23230,White,20-Sep,1,8.75,4/8/2023
Zip Code,23230,White,20-Oct,4,7,4/8/2023
Zip Code,23230,White,20-Nov,2,8.5,4/8/2023
Zip Code,23230,White,20-Dec,0,6.5,4/8/2023
Zip Code,23230,White,21-Jan,1,7.75,4/8/2023
Zip Code,23230,White,21-Feb,0,5,4/8/2023
Zip Code,23230,White,21-Mar,3,6.25,4/8/2023
Zip Code,23230,White,21-Apr,4,6,4/8/2023
Zip Code,23230,White,21-May,5,7.5,4/8/2023
Zip Code,23230,White,21-Jun,1,8.25,4/8/2023
Zip Code,23230,White,21-Jul,1,7.5,4/8/2023
Zip Code,23230,White,21-Aug,0,9,4/8/2023
Zip Code,23230,White,21-Sep,1,8.75,4/8/2023
Zip Code,23230,White,21-Oct,0,7,4/8/2023
Zip Code,23230,White,21-Nov,0,8.5,4/8/2023
Zip Code,23230,White,21-Dec,1,6.5,4/8/2023
Zip Code,23230,White,22-Jan,1,7.75,4/8/2023
Zip Code,23230,White,22-Feb,3,5,4/8/2023
Zip Code,23230,White,22-Mar,2,6.25,4/8/2023
Zip Code,23230,White,22-Apr,2,6,4/8/2023
Zip Code,23230,White,22-May,0,7.5,4/8/2023
Zip Code,23230,White,22-Jun,4,8.25,4/8/2023
Zip Code,23230,White,22-Jul,6,7.5,4/8/2023
Zip Code,23230,White,22-Aug,10,9,4/8/2023
Zip Code,23230,White,22-Sep,24,8.75,4/8/2023
Zip Code,23230,White,22-Oct,24,7,4/8/2023
Zip Code,23230,White,22-Nov,19,8.5,4/8/2023
Zip Code,23230,White,22-Dec,16,6.5,4/8/2023
Zip Code,23230,White,23-Jan,17,7.75,4/8/2023
Zip Code,23230,White,23-Feb,12,5,4/8/2023
Zip Code,23230,White,23-Mar,14,6.25,4/8/2023
Zip Code,23230,White,23-Apr,0,0.5,4/8/2023
Zip Code,23231,Black,20-Jan,26,52.75,4/8/2023
Zip Code,23231,Black,20-Feb,18,38.75,4/8/2023
Zip Code,23231,Black,20-Mar,5,24.25,4/8/2023
Zip Code,23231,Black,20-Apr,2,36.75,4/8/2023
Zip Code,23231,Black,20-May,2,54,4/8/2023
Zip Code,23231,Black,20-Jun,0,50.75,4/8/2023
Zip Code,23231,Black,20-Jul,7,46.25,4/8/2023
Zip Code,23231,Black,20-Aug,3,37.5,4/8/2023
Zip Code,23231,Black,20-Sep,26,38.25,4/8/2023
Zip Code,23231,Black,20-Oct,13,32.5,4/8/2023
Zip Code,23231,Black,20-Nov,10,32.75,4/8/2023
Zip Code,23231,Black,20-Dec,0,27.75,4/8/2023
Zip Code,23231,Black,21-Jan,1,52.75,4/8/2023
Zip Code,23231,Black,21-Feb,2,38.75,4/8/2023
Zip Code,23231,Black,21-Mar,14,24.25,4/8/2023
Zip Code,23231,Black,21-Apr,1,36.75,4/8/2023
Zip Code,23231,Black,21-May,13,54,4/8/2023
Zip Code,23231,Black,21-Jun,13,50.75,4/8/2023
Zip Code,23231,Black,21-Jul,10,46.25,4/8/2023
Zip Code,23231,Black,21-Aug,4,37.5,4/8/2023
Zip Code,23231,Black,21-Sep,1,38.25,4/8/2023
Zip Code,23231,Black,21-Oct,2,32.5,4/8/2023
Zip Code,23231,Black,21-Nov,4,32.75,4/8/2023
Zip Code,23231,Black,21-Dec,4,27.75,4/8/2023
Zip Code,23231,Black,22-Jan,7,52.75,4/8/2023
Zip Code,23231,Black,22-Feb,24,38.75,4/8/2023
Zip Code,23231,Black,22-Mar,15,24.25,4/8/2023
Zip Code,23231,Black,22-Apr,12,36.75,4/8/2023
Zip Code,23231,Black,22-May,2,54,4/8/2023
Zip Code,23231,Black,22-Jun,12,50.75,4/8/2023
Zip Code,23231,Black,22-Jul,34,46.25,4/8/2023
Zip Code,23231,Black,22-Aug,36,37.5,4/8/2023
Zip Code,23231,Black,22-Sep,18,38.25,4/8/2023
Zip Code,23231,Black,22-Oct,25,32.5,4/8/2023
Zip Code,23231,Black,22-Nov,8,32.75,4/8/2023
Zip Code,23231,Black,22-Dec,29,27.75,4/8/2023
Zip Code,23231,Black,23-Jan,12,52.75,4/8/2023
Zip Code,23231,Black,23-Feb,18,38.75,4/8/2023
Zip Code,23231,Black,23-Mar,4,24.25,4/8/2023
Zip Code,23231,Black,23-Apr,14,0.25,4/8/2023
Zip Code,23232,Other,20-Jan,0,0,4/8/2023
Zip Code,23232,Other,20-Feb,0,0,4/8/2023
Zip Code,23232,Other,20-Mar,0,0,4/8/2023
Zip Code,23232,Other,20-Apr,0,0,4/8/2023
Zip Code,23232,Other,20-May,0,0,4/8/2023
Zip Code,23232,Other,20-Jun,0,0,4/8/2023
Zip Code,23232,Other,20-Jul,0,0,4/8/2023
Zip Code,23232,Other,20-Aug,0,0,4/8/2023
Zip Code,23232,Other,20-Sep,0,0,4/8/2023
Zip Code,23232,Other,20-Oct,0,0,4/8/2023
Zip Code,23232,Other,20-Nov,0,0,4/8/2023
Zip Code,23232,Other,20-Dec,0,0,4/8/2023
Zip Code,23232,Other,21-Jan,0,0,4/8/2023
Zip Code,23232,Other,21-Feb,0,0,4/8/2023
Zip Code,23232,Other,21-Mar,0,0,4/8/2023
Zip Code,23232,Other,21-Apr,0,0,4/8/2023
Zip Code,23232,Other,21-May,0,0,4/8/2023
Zip Code,23232,Other,21-Jun,0,0,4/8/2023
Zip Code,23232,Other,21-Jul,0,0,4/8/2023
Zip Code,23232,Other,21-Aug,0,0,4/8/2023
Zip Code,23232,Other,21-Sep,0,0,4/8/2023
Zip Code,23232,Other,21-Oct,0,0,4/8/2023
Zip Code,23232,Other,21-Nov,0,0,4/8/2023
Zip Code,23232,Other,21-Dec,0,0,4/8/2023
Zip Code,23232,Other,22-Jan,0,0,4/8/2023
Zip Code,23232,Other,22-Feb,0,0,4/8/2023
Zip Code,23232,Other,22-Mar,0,0,4/8/2023
Zip Code,23232,Other,22-Apr,0,0,4/8/2023
Zip Code,23232,Other,22-May,0,0,4/8/2023
Zip Code,23232,Other,22-Jun,0,0,4/8/2023
Zip Code,23232,Other,22-Jul,0,0,4/8/2023
Zip Code,23232,Other,22-Aug,0,0,4/8/2023
Zip Code,23232,Other,22-Sep,0,0,4/8/2023
Zip Code,23232,Other,22-Oct,0,0,4/8/2023
Zip Code,23232,Other,22-Nov,0,0,4/8/2023
Zip Code,23232,Other,22-Dec,0,0,4/8/2023
Zip Code,23232,Other,23-Jan,0,0,4/8/2023
Zip Code,23232,Other,23-Feb,0,0,4/8/2023
Zip Code,23232,Other,23-Mar,0,0,4/8/2023
Zip Code,23232,Other,23-Apr,0,0,4/8/2023
Zip Code,23234,Other,20-Jan,239,276.5,4/8/2023
Zip Code,23234,Other,20-Feb,186,236.25,4/8/2023
Zip Code,23234,Other,20-Mar,123,206.5,4/8/2023
Zip Code,23234,Other,20-Apr,13,200.75,4/8/2023
Zip Code,23234,Other,20-May,26,247.5,4/8/2023
Zip Code,23234,Other,20-Jun,24,251,4/8/2023
Zip Code,23234,Other,20-Jul,50,249.25,4/8/2023
Zip Code,23234,Other,20-Aug,34,239,4/8/2023
Zip Code,23234,Other,20-Sep,230,261,4/8/2023
Zip Code,23234,Other,20-Oct,84,242.25,4/8/2023
Zip Code,23234,Other,20-Nov,54,217,4/8/2023
Zip Code,23234,Other,20-Dec,12,210,4/8/2023
Zip Code,23234,Other,21-Jan,25,276.5,4/8/2023
Zip Code,23234,Other,21-Feb,37,235,4/8/2023
Zip Code,23234,Other,21-Mar,35,206.5,4/8/2023
Zip Code,23234,Other,21-Apr,7,200.75,4/8/2023
Zip Code,23234,Other,21-May,34,247.5,4/8/2023
Zip Code,23234,Other,21-Jun,56,251,4/8/2023
Zip Code,23234,Other,21-Jul,40,249.25,4/8/2023
Zip Code,23234,Other,21-Aug,80,239,4/8/2023
Zip Code,23234,Other,21-Sep,36,261,4/8/2023
Zip Code,23234,Other,21-Oct,46,242.25,4/8/2023
Zip Code,23234,Other,21-Nov,69,217,4/8/2023
Zip Code,23234,Other,21-Dec,17,210,4/8/2023
Zip Code,23234,Other,22-Jan,140,276.5,4/8/2023
Zip Code,23234,Other,22-Feb,196,235,4/8/2023
Zip Code,23234,Other,22-Mar,215,206.5,4/8/2023
Zip Code,23234,Other,22-Apr,88,200.75,4/8/2023
Zip Code,23234,Other,22-May,143,247.5,4/8/2023
Zip Code,23234,Other,22-Jun,100,251,4/8/2023
Zip Code,23234,Other,22-Jul,210,249.25,4/8/2023
Zip Code,23234,Other,22-Aug,314,239,4/8/2023
Zip Code,23234,Other,22-Sep,125,261,4/8/2023
Zip Code,23234,Other,22-Oct,257,242.25,4/8/2023
Zip Code,23234,Other,22-Nov,166,217,4/8/2023
Zip Code,23234,Other,22-Dec,226,210,4/8/2023
Zip Code,23234,Other,23-Jan,226,276.5,4/8/2023
Zip Code,23234,Other,23-Feb,142,235,4/8/2023
Zip Code,23234,Other,23-Mar,221,206.5,4/8/2023
Zip Code,23234,Other,23-Apr,8,5.75,4/8/2023
Zip Code,23235,White,20-Jan,23,40.75,4/8/2023
Zip Code,23235,White,20-Feb,41,38,4/8/2023
Zip Code,23235,White,20-Mar,11,25.5,4/8/2023
Zip Code,23235,White,20-Apr,1,37.75,4/8/2023
Zip Code,23235,White,20-May,2,33.25,4/8/2023
Zip Code,23235,White,20-Jun,9,36,4/8/2023
Zip Code,23235,White,20-Jul,8,29.25,4/8/2023
Zip Code,23235,White,20-Aug,8,38.75,4/8/2023
Zip Code,23235,White,20-Sep,22,44.75,4/8/2023
Zip Code,23235,White,20-Oct,11,37.75,4/8/2023
Zip Code,23235,White,20-Nov,9,40.75,4/8/2023
Zip Code,23235,White,20-Dec,10,40.75,4/8/2023
Zip Code,23235,White,21-Jan,3,40.75,4/8/2023
Zip Code,23235,White,21-Feb,2,37.75,4/8/2023
Zip Code,23235,White,21-Mar,9,25.5,4/8/2023
Zip Code,23235,White,21-Apr,4,37.75,4/8/2023
Zip Code,23235,White,21-May,2,33.25,4/8/2023
Zip Code,23235,White,21-Jun,10,36,4/8/2023
Zip Code,23235,White,21-Jul,8,29.25,4/8/2023
Zip Code,23235,White,21-Aug,12,38.75,4/8/2023
Zip Code,23235,White,21-Sep,7,44.75,4/8/2023
Zip Code,23235,White,21-Oct,7,37.75,4/8/2023
Zip Code,23235,White,21-Nov,14,40.75,4/8/2023
Zip Code,23235,White,21-Dec,7,40.75,4/8/2023
Zip Code,23235,White,22-Jan,14,40.75,4/8/2023
Zip Code,23235,White,22-Feb,6,37.75,4/8/2023
Zip Code,23235,White,22-Mar,19,25.5,4/8/2023
Zip Code,23235,White,22-Apr,30,37.75,4/8/2023
Zip Code,23235,White,22-May,13,33.25,4/8/2023
Zip Code,23235,White,22-Jun,15,36,4/8/2023
Zip Code,23235,White,22-Jul,42,29.25,4/8/2023
Zip Code,23235,White,22-Aug,46,38.75,4/8/2023
Zip Code,23235,White,22-Sep,18,44.75,4/8/2023
Zip Code,23235,White,22-Oct,15,37.75,4/8/2023
Zip Code,23235,White,22-Nov,29,40.75,4/8/2023
Zip Code,23235,White,22-Dec,32,40.75,4/8/2023
Zip Code,23235,White,23-Jan,35,40.75,4/8/2023
Zip Code,23235,White,23-Feb,24,37.75,4/8/2023
Zip Code,23235,White,23-Mar,30,25.5,4/8/2023
Zip Code,23235,White,23-Apr,1,4,4/8/2023
Zip Code,23236,White,20-Jan,18,28,4/8/2023
Zip Code,23236,White,20-Feb,32,22,4/8/2023
Zip Code,23236,White,20-Mar,21,19.25,4/8/2023
Zip Code,23236,White,20-Apr,0,19,4/8/2023
Zip Code,23236,White,20-May,3,30.5,4/8/2023
Zip Code,23236,White,20-Jun,2,30.75,4/8/2023
Zip Code,23236,White,20-Jul,2,24.25,4/8/2023
Zip Code,23236,White,20-Aug,4,32,4/8/2023
Zip Code,23236,White,20-Sep,2,31.75,4/8/2023
Zip Code,23236,White,20-Oct,21,23.5,4/8/2023
Zip Code,23236,White,20-Nov,6,33.5,4/8/2023
Zip Code,23236,White,20-Dec,1,23.75,4/8/2023
Zip Code,23236,White,21-Jan,0,28,4/8/2023
Zip Code,23236,White,21-Feb,2,22,4/8/2023
Zip Code,23236,White,21-Mar,4,19.25,4/8/2023
Zip Code,23236,White,21-Apr,2,19,4/8/2023
Zip Code,23236,White,21-May,7,30.5,4/8/2023
Zip Code,23236,White,21-Jun,4,30.75,4/8/2023
Zip Code,23236,White,21-Jul,15,24.25,4/8/2023
Zip Code,23236,White,21-Aug,13,32,4/8/2023
Zip Code,23236,White,21-Sep,2,31.75,4/8/2023
Zip Code,23236,White,21-Oct,4,23.5,4/8/2023
Zip Code,23236,White,21-Nov,5,33.5,4/8/2023
Zip Code,23236,White,21-Dec,10,23.75,4/8/2023
Zip Code,23236,White,22-Jan,6,28,4/8/2023
Zip Code,23236,White,22-Feb,8,22,4/8/2023
Zip Code,23236,White,22-Mar,10,19.25,4/8/2023
Zip Code,23236,White,22-Apr,13,19,4/8/2023
Zip Code,23236,White,22-May,3,30.5,4/8/2023
Zip Code,23236,White,22-Jun,12,30.75,4/8/2023
Zip Code,23236,White,22-Jul,7,24.25,4/8/2023
Zip Code,23236,White,22-Aug,13,32,4/8/2023
Zip Code,23236,White,22-Sep,19,31.75,4/8/2023
Zip Code,23236,White,22-Oct,6,23.5,4/8/2023
Zip Code,23236,White,22-Nov,21,33.5,4/8/2023
Zip Code,23236,White,22-Dec,16,23.75,4/8/2023
Zip Code,23236,White,23-Jan,22,28,4/8/2023
Zip Code,23236,White,23-Feb,12,22,4/8/2023
Zip Code,23236,White,23-Mar,63,19.25,4/8/2023
Zip Code,23236,White,23-Apr,1,1.25,4/8/2023
Zip Code,23237,White,20-Jan,50,46.5,4/8/2023
Zip Code,23237,White,20-Feb,41,27.5,4/8/2023
Zip Code,23237,White,20-Mar,16,30.5,4/8/2023
Zip Code,23237,White,20-Apr,0,25.25,4/8/2023
Zip Code,23237,White,20-May,4,38.75,4/8/2023
Zip Code,23237,White,20-Jun,8,30.75,4/8/2023
Zip Code,23237,White,20-Jul,18,39.5,4/8/2023
Zip Code,23237,White,20-Aug,17,30.25,4/8/2023
Zip Code,23237,White,20-Sep,38,41.75,4/8/2023
Zip Code,23237,White,20-Oct,11,34.5,4/8/2023
Zip Code,23237,White,20-Nov,5,42.5,4/8/2023
Zip Code,23237,White,20-Dec,9,25.75,4/8/2023
Zip Code,23237,White,21-Jan,10,46.5,4/8/2023
Zip Code,23237,White,21-Feb,3,27.25,4/8/2023
Zip Code,23237,White,21-Mar,9,30.5,4/8/2023
Zip Code,23237,White,21-Apr,2,25.25,4/8/2023
Zip Code,23237,White,21-May,1,38.75,4/8/2023
Zip Code,23237,White,21-Jun,17,30.75,4/8/2023
Zip Code,23237,White,21-Jul,14,39.5,4/8/2023
Zip Code,23237,White,21-Aug,16,30.25,4/8/2023
Zip Code,23237,White,21-Sep,15,41.75,4/8/2023
Zip Code,23237,White,21-Oct,6,34.5,4/8/2023
Zip Code,23237,White,21-Nov,16,42.5,4/8/2023
Zip Code,23237,White,21-Dec,2,25.75,4/8/2023
Zip Code,23237,White,22-Jan,14,46.5,4/8/2023
Zip Code,23237,White,22-Feb,31,27.25,4/8/2023
Zip Code,23237,White,22-Mar,28,30.5,4/8/2023
Zip Code,23237,White,22-Apr,30,25.25,4/8/2023
Zip Code,23237,White,22-May,17,38.75,4/8/2023
Zip Code,23237,White,22-Jun,7,30.75,4/8/2023
Zip Code,23237,White,22-Jul,26,39.5,4/8/2023
Zip Code,23237,White,22-Aug,55,30.25,4/8/2023
Zip Code,23237,White,22-Sep,34,41.75,4/8/2023
Zip Code,23237,White,22-Oct,28,34.5,4/8/2023
Zip Code,23237,White,22-Nov,18,42.5,4/8/2023
Zip Code,23237,White,22-Dec,44,25.75,4/8/2023
Zip Code,23237,White,23-Jan,36,46.5,4/8/2023
Zip Code,23237,White,23-Feb,37,27.25,4/8/2023
Zip Code,23237,White,23-Mar,31,30.5,4/8/2023
Zip Code,23237,White,23-Apr,1,3.25,4/8/2023
Zip Code,23241,Other,20-Jan,0,0,4/8/2023
Zip Code,23241,Other,20-Feb,0,0,4/8/2023
Zip Code,23241,Other,20-Mar,0,0,4/8/2023
Zip Code,23241,Other,20-Apr,0,0,4/8/2023
Zip Code,23241,Other,20-May,0,0,4/8/2023
Zip Code,23241,Other,20-Jun,0,0,4/8/2023
Zip Code,23241,Other,20-Jul,0,0,4/8/2023
Zip Code,23241,Other,20-Aug,0,0,4/8/2023
Zip Code,23241,Other,20-Sep,0,0,4/8/2023
Zip Code,23241,Other,20-Oct,0,0,4/8/2023
Zip Code,23241,Other,20-Nov,0,0,4/8/2023
Zip Code,23241,Other,20-Dec,0,0,4/8/2023
Zip Code,23241,Other,21-Jan,0,0,4/8/2023
Zip Code,23241,Other,21-Feb,0,0,4/8/2023
Zip Code,23241,Other,21-Mar,0,0,4/8/2023
Zip Code,23241,Other,21-Apr,0,0,4/8/2023
Zip Code,23241,Other,21-May,0,0,4/8/2023
Zip Code,23241,Other,21-Jun,0,0,4/8/2023
Zip Code,23241,Other,21-Jul,0,0,4/8/2023
Zip Code,23241,Other,21-Aug,0,0,4/8/2023
Zip Code,23241,Other,21-Sep,0,0,4/8/2023
Zip Code,23241,Other,21-Oct,0,0,4/8/2023
Zip Code,23241,Other,21-Nov,0,0,4/8/2023
Zip Code,23241,Other,21-Dec,0,0,4/8/2023
Zip Code,23241,Other,22-Jan,0,0,4/8/2023
Zip Code,23241,Other,22-Feb,0,0,4/8/2023
Zip Code,23241,Other,22-Mar,0,0,4/8/2023
Zip Code,23241,Other,22-Apr,0,0,4/8/2023
Zip Code,23241,Other,22-May,0,0,4/8/2023
Zip Code,23241,Other,22-Jun,0,0,4/8/2023
Zip Code,23241,Other,22-Jul,0,0,4/8/2023
Zip Code,23241,Other,22-Aug,0,0,4/8/2023
Zip Code,23241,Other,22-Sep,0,0,4/8/2023
Zip Code,23241,Other,22-Oct,0,0,4/8/2023
Zip Code,23241,Other,22-Nov,0,0,4/8/2023
Zip Code,23241,Other,22-Dec,0,0,4/8/2023
Zip Code,23241,Other,23-Jan,0,0,4/8/2023
Zip Code,23241,Other,23-Feb,0,0,4/8/2023
Zip Code,23241,Other,23-Mar,0,0,4/8/2023
Zip Code,23241,Other,23-Apr,0,0,4/8/2023
Zip Code,23249,Other,20-Jan,0,0,4/8/2023
Zip Code,23249,Other,20-Feb,0,0,4/8/2023
Zip Code,23249,Other,20-Mar,0,0,4/8/2023
Zip Code,23249,Other,20-Apr,0,0,4/8/2023
Zip Code,23249,Other,20-May,0,0,4/8/2023
Zip Code,23249,Other,20-Jun,0,0,4/8/2023
Zip Code,23249,Other,20-Jul,0,0,4/8/2023
Zip Code,23249,Other,20-Aug,0,0,4/8/2023
Zip Code,23249,Other,20-Sep,0,0,4/8/2023
Zip Code,23249,Other,20-Oct,0,0,4/8/2023
Zip Code,23249,Other,20-Nov,0,0,4/8/2023
Zip Code,23249,Other,20-Dec,0,0,4/8/2023
Zip Code,23249,Other,21-Jan,0,0,4/8/2023
Zip Code,23249,Other,21-Feb,0,0,4/8/2023
Zip Code,23249,Other,21-Mar,0,0,4/8/2023
Zip Code,23249,Other,21-Apr,0,0,4/8/2023
Zip Code,23249,Other,21-May,0,0,4/8/2023
Zip Code,23249,Other,21-Jun,0,0,4/8/2023
Zip Code,23249,Other,21-Jul,0,0,4/8/2023
Zip Code,23249,Other,21-Aug,0,0,4/8/2023
Zip Code,23249,Other,21-Sep,0,0,4/8/2023
Zip Code,23249,Other,21-Oct,0,0,4/8/2023
Zip Code,23249,Other,21-Nov,0,0,4/8/2023
Zip Code,23249,Other,21-Dec,0,0,4/8/2023
Zip Code,23249,Other,22-Jan,0,0,4/8/2023
Zip Code,23249,Other,22-Feb,0,0,4/8/2023
Zip Code,23249,Other,22-Mar,0,0,4/8/2023
Zip Code,23249,Other,22-Apr,0,0,4/8/2023
Zip Code,23249,Other,22-May,0,0,4/8/2023
Zip Code,23249,Other,22-Jun,0,0,4/8/2023
Zip Code,23249,Other,22-Jul,0,0,4/8/2023
Zip Code,23249,Other,22-Aug,0,0,4/8/2023
Zip Code,23249,Other,22-Sep,0,0,4/8/2023
Zip Code,23249,Other,22-Oct,0,0,4/8/2023
Zip Code,23249,Other,22-Nov,0,0,4/8/2023
Zip Code,23249,Other,22-Dec,0,0,4/8/2023
Zip Code,23249,Other,23-Jan,0,0,4/8/2023
Zip Code,23249,Other,23-Feb,0,0,4/8/2023
Zip Code,23249,Other,23-Mar,0,0,4/8/2023
Zip Code,23249,Other,23-Apr,0,0,4/8/2023
Zip Code,23260,Other,20-Jan,0,0,4/8/2023
Zip Code,23260,Other,20-Feb,0,0,4/8/2023
Zip Code,23260,Other,20-Mar,0,0,4/8/2023
Zip Code,23260,Other,20-Apr,0,0,4/8/2023
Zip Code,23260,Other,20-May,0,0,4/8/2023
Zip Code,23260,Other,20-Jun,0,0,4/8/2023
Zip Code,23260,Other,20-Jul,0,0,4/8/2023
Zip Code,23260,Other,20-Aug,0,0,4/8/2023
Zip Code,23260,Other,20-Sep,0,0,4/8/2023
Zip Code,23260,Other,20-Oct,0,0,4/8/2023
Zip Code,23260,Other,20-Nov,0,0,4/8/2023
Zip Code,23260,Other,20-Dec,0,0,4/8/2023
Zip Code,23260,Other,21-Jan,0,0,4/8/2023
Zip Code,23260,Other,21-Feb,0,0,4/8/2023
Zip Code,23260,Other,21-Mar,0,0,4/8/2023
Zip Code,23260,Other,21-Apr,0,0,4/8/2023
Zip Code,23260,Other,21-May,0,0,4/8/2023
Zip Code,23260,Other,21-Jun,0,0,4/8/2023
Zip Code,23260,Other,21-Jul,0,0,4/8/2023
Zip Code,23260,Other,21-Aug,0,0,4/8/2023
Zip Code,23260,Other,21-Sep,0,0,4/8/2023
Zip Code,23260,Other,21-Oct,0,0,4/8/2023
Zip Code,23260,Other,21-Nov,0,0,4/8/2023
Zip Code,23260,Other,21-Dec,0,0,4/8/2023
Zip Code,23260,Other,22-Jan,0,0,4/8/2023
Zip Code,23260,Other,22-Feb,0,0,4/8/2023
Zip Code,23260,Other,22-Mar,0,0,4/8/2023
Zip Code,23260,Other,22-Apr,0,0,4/8/2023
Zip Code,23260,Other,22-May,0,0,4/8/2023
Zip Code,23260,Other,22-Jun,0,0,4/8/2023
Zip Code,23260,Other,22-Jul,0,0,4/8/2023
Zip Code,23260,Other,22-Aug,0,0,4/8/2023
Zip Code,23260,Other,22-Sep,0,0,4/8/2023
Zip Code,23260,Other,22-Oct,0,0,4/8/2023
Zip Code,23260,Other,22-Nov,0,0,4/8/2023
Zip Code,23260,Other,22-Dec,0,0,4/8/2023
Zip Code,23260,Other,23-Jan,0,0,4/8/2023
Zip Code,23260,Other,23-Feb,0,0,4/8/2023
Zip Code,23260,Other,23-Mar,0,0,4/8/2023
Zip Code,23260,Other,23-Apr,0,0,4/8/2023
Zip Code,23261,Other,20-Jan,0,0,4/8/2023
Zip Code,23261,Other,20-Feb,0,0,4/8/2023
Zip Code,23261,Other,20-Mar,0,0,4/8/2023
Zip Code,23261,Other,20-Apr,0,0,4/8/2023
Zip Code,23261,Other,20-May,0,0,4/8/2023
Zip Code,23261,Other,20-Jun,0,0,4/8/2023
Zip Code,23261,Other,20-Jul,0,0,4/8/2023
Zip Code,23261,Other,20-Aug,0,0,4/8/2023
Zip Code,23261,Other,20-Sep,0,0,4/8/2023
Zip Code,23261,Other,20-Oct,0,0,4/8/2023
Zip Code,23261,Other,20-Nov,0,0,4/8/2023
Zip Code,23261,Other,20-Dec,0,0,4/8/2023
Zip Code,23261,Other,21-Jan,0,0,4/8/2023
Zip Code,23261,Other,21-Feb,0,0,4/8/2023
Zip Code,23261,Other,21-Mar,0,0,4/8/2023
Zip Code,23261,Other,21-Apr,0,0,4/8/2023
Zip Code,23261,Other,21-May,0,0,4/8/2023
Zip Code,23261,Other,21-Jun,0,0,4/8/2023
Zip Code,23261,Other,21-Jul,0,0,4/8/2023
Zip Code,23261,Other,21-Aug,0,0,4/8/2023
Zip Code,23261,Other,21-Sep,0,0,4/8/2023
Zip Code,23261,Other,21-Oct,0,0,4/8/2023
Zip Code,23261,Other,21-Nov,0,0,4/8/2023
Zip Code,23261,Other,21-Dec,0,0,4/8/2023
Zip Code,23261,Other,22-Jan,0,0,4/8/2023
Zip Code,23261,Other,22-Feb,0,0,4/8/2023
Zip Code,23261,Other,22-Mar,0,0,4/8/2023
Zip Code,23261,Other,22-Apr,0,0,4/8/2023
Zip Code,23261,Other,22-May,0,0,4/8/2023
Zip Code,23261,Other,22-Jun,0,0,4/8/2023
Zip Code,23261,Other,22-Jul,0,0,4/8/2023
Zip Code,23261,Other,22-Aug,0,0,4/8/2023
Zip Code,23261,Other,22-Sep,0,0,4/8/2023
Zip Code,23261,Other,22-Oct,0,0,4/8/2023
Zip Code,23261,Other,22-Nov,0,0,4/8/2023
Zip Code,23261,Other,22-Dec,0,0,4/8/2023
Zip Code,23261,Other,23-Jan,0,0,4/8/2023
Zip Code,23261,Other,23-Feb,0,0,4/8/2023
Zip Code,23261,Other,23-Mar,0,0,4/8/2023
Zip Code,23261,Other,23-Apr,0,0,4/8/2023
Zip Code,23269,Other,20-Jan,0,0,4/8/2023
Zip Code,23269,Other,20-Feb,0,0,4/8/2023
Zip Code,23269,Other,20-Mar,0,0,4/8/2023
Zip Code,23269,Other,20-Apr,0,0,4/8/2023
Zip Code,23269,Other,20-May,0,0,4/8/2023
Zip Code,23269,Other,20-Jun,0,0,4/8/2023
Zip Code,23269,Other,20-Jul,0,0,4/8/2023
Zip Code,23269,Other,20-Aug,0,0,4/8/2023
Zip Code,23269,Other,20-Sep,0,0,4/8/2023
Zip Code,23269,Other,20-Oct,0,0,4/8/2023
Zip Code,23269,Other,20-Nov,0,0,4/8/2023
Zip Code,23269,Other,20-Dec,0,0,4/8/2023
Zip Code,23269,Other,21-Jan,0,0,4/8/2023
Zip Code,23269,Other,21-Feb,0,0,4/8/2023
Zip Code,23269,Other,21-Mar,0,0,4/8/2023
Zip Code,23269,Other,21-Apr,0,0,4/8/2023
Zip Code,23269,Other,21-May,0,0,4/8/2023
Zip Code,23269,Other,21-Jun,0,0,4/8/2023
Zip Code,23269,Other,21-Jul,0,0,4/8/2023
Zip Code,23269,Other,21-Aug,0,0,4/8/2023
Zip Code,23269,Other,21-Sep,0,0,4/8/2023
Zip Code,23269,Other,21-Oct,0,0,4/8/2023
Zip Code,23269,Other,21-Nov,0,0,4/8/2023
Zip Code,23269,Other,21-Dec,0,0,4/8/2023
Zip Code,23269,Other,22-Jan,0,0,4/8/2023
Zip Code,23269,Other,22-Feb,0,0,4/8/2023
Zip Code,23269,Other,22-Mar,0,0,4/8/2023
Zip Code,23269,Other,22-Apr,0,0,4/8/2023
Zip Code,23269,Other,22-May,0,0,4/8/2023
Zip Code,23269,Other,22-Jun,0,0,4/8/2023
Zip Code,23269,Other,22-Jul,0,0,4/8/2023
Zip Code,23269,Other,22-Aug,0,0,4/8/2023
Zip Code,23269,Other,22-Sep,0,0,4/8/2023
Zip Code,23269,Other,22-Oct,0,0,4/8/2023
Zip Code,23269,Other,22-Nov,0,0,4/8/2023
Zip Code,23269,Other,22-Dec,0,0,4/8/2023
Zip Code,23269,Other,23-Jan,0,0,4/8/2023
Zip Code,23269,Other,23-Feb,0,0,4/8/2023
Zip Code,23269,Other,23-Mar,0,0,4/8/2023
Zip Code,23269,Other,23-Apr,0,0,4/8/2023
Zip Code,23284,Other,20-Jan,0,0,4/8/2023
Zip Code,23284,Other,20-Feb,0,0,4/8/2023
Zip Code,23284,Other,20-Mar,0,0,4/8/2023
Zip Code,23284,Other,20-Apr,0,0,4/8/2023
Zip Code,23284,Other,20-May,0,0,4/8/2023
Zip Code,23284,Other,20-Jun,0,0,4/8/2023
Zip Code,23284,Other,20-Jul,0,0,4/8/2023
Zip Code,23284,Other,20-Aug,0,0,4/8/2023
Zip Code,23284,Other,20-Sep,0,0,4/8/2023
Zip Code,23284,Other,20-Oct,0,0,4/8/2023
Zip Code,23284,Other,20-Nov,0,0,4/8/2023
Zip Code,23284,Other,20-Dec,0,0,4/8/2023
Zip Code,23284,Other,21-Jan,0,0,4/8/2023
Zip Code,23284,Other,21-Feb,0,0,4/8/2023
Zip Code,23284,Other,21-Mar,0,0,4/8/2023
Zip Code,23284,Other,21-Apr,0,0,4/8/2023
Zip Code,23284,Other,21-May,0,0,4/8/2023
Zip Code,23284,Other,21-Jun,0,0,4/8/2023
Zip Code,23284,Other,21-Jul,0,0,4/8/2023
Zip Code,23284,Other,21-Aug,0,0,4/8/2023
Zip Code,23284,Other,21-Sep,0,0,4/8/2023
Zip Code,23284,Other,21-Oct,0,0,4/8/2023
Zip Code,23284,Other,21-Nov,0,0,4/8/2023
Zip Code,23284,Other,21-Dec,0,0,4/8/2023
Zip Code,23284,Other,22-Jan,0,0,4/8/2023
Zip Code,23284,Other,22-Feb,0,0,4/8/2023
Zip Code,23284,Other,22-Mar,0,0,4/8/2023
Zip Code,23284,Other,22-Apr,0,0,4/8/2023
Zip Code,23284,Other,22-May,0,0,4/8/2023
Zip Code,23284,Other,22-Jun,0,0,4/8/2023
Zip Code,23284,Other,22-Jul,0,0,4/8/2023
Zip Code,23284,Other,22-Aug,0,0,4/8/2023
Zip Code,23284,Other,22-Sep,0,0,4/8/2023
Zip Code,23284,Other,22-Oct,0,0,4/8/2023
Zip Code,23284,Other,22-Nov,0,0,4/8/2023
Zip Code,23284,Other,22-Dec,0,0,4/8/2023
Zip Code,23284,Other,23-Jan,0,0,4/8/2023
Zip Code,23284,Other,23-Feb,0,0,4/8/2023
Zip Code,23284,Other,23-Mar,0,0,4/8/2023
Zip Code,23284,Other,23-Apr,0,0,4/8/2023
Zip Code,23286,Other,20-Jan,0,0,4/8/2023
Zip Code,23286,Other,20-Feb,0,0,4/8/2023
Zip Code,23286,Other,20-Mar,0,0,4/8/2023
Zip Code,23286,Other,20-Apr,0,0,4/8/2023
Zip Code,23286,Other,20-May,0,0,4/8/2023
Zip Code,23286,Other,20-Jun,0,0,4/8/2023
Zip Code,23286,Other,20-Jul,0,0,4/8/2023
Zip Code,23286,Other,20-Aug,0,0,4/8/2023
Zip Code,23286,Other,20-Sep,0,0,4/8/2023
Zip Code,23286,Other,20-Oct,0,0,4/8/2023
Zip Code,23286,Other,20-Nov,0,0,4/8/2023
Zip Code,23286,Other,20-Dec,0,0,4/8/2023
Zip Code,23286,Other,21-Jan,0,0,4/8/2023
Zip Code,23286,Other,21-Feb,0,0,4/8/2023
Zip Code,23286,Other,21-Mar,0,0,4/8/2023
Zip Code,23286,Other,21-Apr,0,0,4/8/2023
Zip Code,23286,Other,21-May,0,0,4/8/2023
Zip Code,23286,Other,21-Jun,0,0,4/8/2023
Zip Code,23286,Other,21-Jul,0,0,4/8/2023
Zip Code,23286,Other,21-Aug,0,0,4/8/2023
Zip Code,23286,Other,21-Sep,0,0,4/8/2023
Zip Code,23286,Other,21-Oct,0,0,4/8/2023
Zip Code,23286,Other,21-Nov,0,0,4/8/2023
Zip Code,23286,Other,21-Dec,0,0,4/8/2023
Zip Code,23286,Other,22-Jan,0,0,4/8/2023
Zip Code,23286,Other,22-Feb,0,0,4/8/2023
Zip Code,23286,Other,22-Mar,0,0,4/8/2023
Zip Code,23286,Other,22-Apr,0,0,4/8/2023
Zip Code,23286,Other,22-May,0,0,4/8/2023
Zip Code,23286,Other,22-Jun,0,0,4/8/2023
Zip Code,23286,Other,22-Jul,0,0,4/8/2023
Zip Code,23286,Other,22-Aug,0,0,4/8/2023
Zip Code,23286,Other,22-Sep,0,0,4/8/2023
Zip Code,23286,Other,22-Oct,0,0,4/8/2023
Zip Code,23286,Other,22-Nov,0,0,4/8/2023
Zip Code,23286,Other,22-Dec,0,0,4/8/2023
Zip Code,23286,Other,23-Jan,0,0,4/8/2023
Zip Code,23286,Other,23-Feb,0,0,4/8/2023
Zip Code,23286,Other,23-Mar,0,0,4/8/2023
Zip Code,23286,Other,23-Apr,0,0,4/8/2023
Zip Code,23293,Other,20-Jan,0,0,4/8/2023
Zip Code,23293,Other,20-Feb,0,0,4/8/2023
Zip Code,23293,Other,20-Mar,0,0,4/8/2023
Zip Code,23293,Other,20-Apr,0,0,4/8/2023
Zip Code,23293,Other,20-May,0,0,4/8/2023
Zip Code,23293,Other,20-Jun,0,0,4/8/2023
Zip Code,23293,Other,20-Jul,0,0,4/8/2023
Zip Code,23293,Other,20-Aug,0,0,4/8/2023
Zip Code,23293,Other,20-Sep,0,0,4/8/2023
Zip Code,23293,Other,20-Oct,0,0,4/8/2023
Zip Code,23293,Other,20-Nov,0,0,4/8/2023
Zip Code,23293,Other,20-Dec,0,0,4/8/2023
Zip Code,23293,Other,21-Jan,0,0,4/8/2023
Zip Code,23293,Other,21-Feb,0,0,4/8/2023
Zip Code,23293,Other,21-Mar,0,0,4/8/2023
Zip Code,23293,Other,21-Apr,0,0,4/8/2023
Zip Code,23293,Other,21-May,0,0,4/8/2023
Zip Code,23293,Other,21-Jun,0,0,4/8/2023
Zip Code,23293,Other,21-Jul,0,0,4/8/2023
Zip Code,23293,Other,21-Aug,0,0,4/8/2023
Zip Code,23293,Other,21-Sep,0,0,4/8/2023
Zip Code,23293,Other,21-Oct,0,0,4/8/2023
Zip Code,23293,Other,21-Nov,0,0,4/8/2023
Zip Code,23293,Other,21-Dec,0,0,4/8/2023
Zip Code,23293,Other,22-Jan,0,0,4/8/2023
Zip Code,23293,Other,22-Feb,0,0,4/8/2023
Zip Code,23293,Other,22-Mar,0,0,4/8/2023
Zip Code,23293,Other,22-Apr,0,0,4/8/2023
Zip Code,23293,Other,22-May,0,0,4/8/2023
Zip Code,23293,Other,22-Jun,0,0,4/8/2023
Zip Code,23293,Other,22-Jul,0,0,4/8/2023
Zip Code,23293,Other,22-Aug,0,0,4/8/2023
Zip Code,23293,Other,22-Sep,0,0,4/8/2023
Zip Code,23293,Other,22-Oct,0,0,4/8/2023
Zip Code,23293,Other,22-Nov,0,0,4/8/2023
Zip Code,23293,Other,22-Dec,0,0,4/8/2023
Zip Code,23293,Other,23-Jan,0,0,4/8/2023
Zip Code,23293,Other,23-Feb,0,0,4/8/2023
Zip Code,23293,Other,23-Mar,0,0,4/8/2023
Zip Code,23293,Other,23-Apr,0,0,4/8/2023
Zip Code,23297,Other,20-Jan,0,0,4/8/2023
Zip Code,23297,Other,20-Feb,0,0,4/8/2023
Zip Code,23297,Other,20-Mar,0,0,4/8/2023
Zip Code,23297,Other,20-Apr,0,0,4/8/2023
Zip Code,23297,Other,20-May,0,0,4/8/2023
Zip Code,23297,Other,20-Jun,0,0,4/8/2023
Zip Code,23297,Other,20-Jul,0,0,4/8/2023
Zip Code,23297,Other,20-Aug,0,0,4/8/2023
Zip Code,23297,Other,20-Sep,0,0,4/8/2023
Zip Code,23297,Other,20-Oct,0,0,4/8/2023
Zip Code,23297,Other,20-Nov,0,0,4/8/2023
Zip Code,23297,Other,20-Dec,0,0,4/8/2023
Zip Code,23297,Other,21-Jan,0,0,4/8/2023
Zip Code,23297,Other,21-Feb,0,0,4/8/2023
Zip Code,23297,Other,21-Mar,0,0,4/8/2023
Zip Code,23297,Other,21-Apr,0,0,4/8/2023
Zip Code,23297,Other,21-May,0,0,4/8/2023
Zip Code,23297,Other,21-Jun,0,0,4/8/2023
Zip Code,23297,Other,21-Jul,0,0,4/8/2023
Zip Code,23297,Other,21-Aug,0,0,4/8/2023
Zip Code,23297,Other,21-Sep,0,0,4/8/2023
Zip Code,23297,Other,21-Oct,0,0,4/8/2023
Zip Code,23297,Other,21-Nov,0,0,4/8/2023
Zip Code,23297,Other,21-Dec,0,0,4/8/2023
Zip Code,23297,Other,22-Jan,0,0,4/8/2023
Zip Code,23297,Other,22-Feb,0,0,4/8/2023
Zip Code,23297,Other,22-Mar,0,0,4/8/2023
Zip Code,23297,Other,22-Apr,0,0,4/8/2023
Zip Code,23297,Other,22-May,0,0,4/8/2023
Zip Code,23297,Other,22-Jun,0,0,4/8/2023
Zip Code,23297,Other,22-Jul,0,0,4/8/2023
Zip Code,23297,Other,22-Aug,0,0,4/8/2023
Zip Code,23297,Other,22-Sep,0,0,4/8/2023
Zip Code,23297,Other,22-Oct,0,0,4/8/2023
Zip Code,23297,Other,22-Nov,0,0,4/8/2023
Zip Code,23297,Other,22-Dec,0,0,4/8/2023
Zip Code,23297,Other,23-Jan,0,0,4/8/2023
Zip Code,23297,Other,23-Feb,0,0,4/8/2023
Zip Code,23297,Other,23-Mar,0,0,4/8/2023
Zip Code,23297,Other,23-Apr,0,0,4/8/2023
Zip Code,23298,Other,20-Jan,0,0,4/8/2023
Zip Code,23298,Other,20-Feb,0,0,4/8/2023
Zip Code,23298,Other,20-Mar,0,0,4/8/2023
Zip Code,23298,Other,20-Apr,0,0,4/8/2023
Zip Code,23298,Other,20-May,0,0,4/8/2023
Zip Code,23298,Other,20-Jun,0,0,4/8/2023
Zip Code,23298,Other,20-Jul,0,0,4/8/2023
Zip Code,23298,Other,20-Aug,0,0,4/8/2023
Zip Code,23298,Other,20-Sep,0,0,4/8/2023
Zip Code,23298,Other,20-Oct,0,0,4/8/2023
Zip Code,23298,Other,20-Nov,0,0,4/8/2023
Zip Code,23298,Other,20-Dec,0,0,4/8/2023
Zip Code,23298,Other,21-Jan,0,0,4/8/2023
Zip Code,23298,Other,21-Feb,0,0,4/8/2023
Zip Code,23298,Other,21-Mar,0,0,4/8/2023
Zip Code,23298,Other,21-Apr,0,0,4/8/2023
Zip Code,23298,Other,21-May,0,0,4/8/2023
Zip Code,23298,Other,21-Jun,0,0,4/8/2023
Zip Code,23298,Other,21-Jul,0,0,4/8/2023
Zip Code,23298,Other,21-Aug,0,0,4/8/2023
Zip Code,23298,Other,21-Sep,0,0,4/8/2023
Zip Code,23298,Other,21-Oct,0,0,4/8/2023
Zip Code,23298,Other,21-Nov,0,0,4/8/2023
Zip Code,23298,Other,21-Dec,0,0,4/8/2023
Zip Code,23298,Other,22-Jan,0,0,4/8/2023
Zip Code,23298,Other,22-Feb,0,0,4/8/2023
Zip Code,23298,Other,22-Mar,0,0,4/8/2023
Zip Code,23298,Other,22-Apr,0,0,4/8/2023
Zip Code,23298,Other,22-May,0,0,4/8/2023
Zip Code,23298,Other,22-Jun,0,0,4/8/2023
Zip Code,23298,Other,22-Jul,0,0,4/8/2023
Zip Code,23298,Other,22-Aug,0,0,4/8/2023
Zip Code,23298,Other,22-Sep,0,0,4/8/2023
Zip Code,23298,Other,22-Oct,0,0,4/8/2023
Zip Code,23298,Other,22-Nov,0,0,4/8/2023
Zip Code,23298,Other,22-Dec,0,0,4/8/2023
Zip Code,23298,Other,23-Jan,0,0,4/8/2023
Zip Code,23298,Other,23-Feb,0,0,4/8/2023
Zip Code,23298,Other,23-Mar,0,0,4/8/2023
Zip Code,23298,Other,23-Apr,0,0,4/8/2023
Zip Code,23803,Black,20-Jan,22,16.75,4/8/2023
Zip Code,23803,Black,20-Feb,22,18,4/8/2023
Zip Code,23803,Black,20-Mar,2,11.5,4/8/2023
Zip Code,23803,Black,20-Apr,0,16.5,4/8/2023
Zip Code,23803,Black,20-May,5,16,4/8/2023
Zip Code,23803,Black,20-Jun,4,21.75,4/8/2023
Zip Code,23803,Black,20-Jul,10,20,4/8/2023
Zip Code,23803,Black,20-Aug,10,20,4/8/2023
Zip Code,23803,Black,20-Sep,8,17,4/8/2023
Zip Code,23803,Black,20-Oct,6,16,4/8/2023
Zip Code,23803,Black,20-Nov,3,17.75,4/8/2023
Zip Code,23803,Black,20-Dec,1,14.5,4/8/2023
Zip Code,23803,Black,21-Jan,6,16.75,4/8/2023
Zip Code,23803,Black,21-Feb,5,18,4/8/2023
Zip Code,23803,Black,21-Mar,5,11.5,4/8/2023
Zip Code,23803,Black,21-Apr,1,16.5,4/8/2023
Zip Code,23803,Black,21-May,1,16,4/8/2023
Zip Code,23803,Black,21-Jun,5,21.75,4/8/2023
Zip Code,23803,Black,21-Jul,5,20,4/8/2023
Zip Code,23803,Black,21-Aug,5,20,4/8/2023
Zip Code,23803,Black,21-Sep,3,17,4/8/2023
Zip Code,23803,Black,21-Oct,8,16,4/8/2023
Zip Code,23803,Black,21-Nov,2,17.75,4/8/2023
Zip Code,23803,Black,21-Dec,3,14.5,4/8/2023
Zip Code,23803,Black,22-Jan,4,16.75,4/8/2023
Zip Code,23803,Black,22-Feb,24,18,4/8/2023
Zip Code,23803,Black,22-Mar,3,11.5,4/8/2023
Zip Code,23803,Black,22-Apr,18,16.5,4/8/2023
Zip Code,23803,Black,22-May,2,16,4/8/2023
Zip Code,23803,Black,22-Jun,19,21.75,4/8/2023
Zip Code,23803,Black,22-Jul,6,20,4/8/2023
Zip Code,23803,Black,22-Aug,7,20,4/8/2023
Zip Code,23803,Black,22-Sep,5,17,4/8/2023
Zip Code,23803,Black,22-Oct,12,16,4/8/2023
Zip Code,23803,Black,22-Nov,31,17.75,4/8/2023
Zip Code,23803,Black,22-Dec,11,14.5,4/8/2023
Zip Code,23803,Black,23-Jan,40,16.75,4/8/2023
Zip Code,23803,Black,23-Feb,20,18,4/8/2023
Zip Code,23803,Black,23-Mar,21,11.5,4/8/2023
Zip Code,23803,Black,23-Apr,0,1.5,4/8/2023
Zip Code,23831,White,20-Jan,98,87.25,4/8/2023
Zip Code,23831,White,20-Feb,39,74.75,4/8/2023
Zip Code,23831,White,20-Mar,60,57.25,4/8/2023
Zip Code,23831,White,20-Apr,0,65.75,4/8/2023
Zip Code,23831,White,20-May,0,74,4/8/2023
Zip Code,23831,White,20-Jun,25,75.25,4/8/2023
Zip Code,23831,White,20-Jul,18,83.5,4/8/2023
Zip Code,23831,White,20-Aug,7,67.25,4/8/2023
Zip Code,23831,White,20-Sep,22,82.25,4/8/2023
Zip Code,23831,White,20-Oct,55,78.5,4/8/2023
Zip Code,23831,White,20-Nov,13,65.25,4/8/2023
Zip Code,23831,White,20-Dec,5,70.75,4/8/2023
Zip Code,23831,White,21-Jan,5,87.25,4/8/2023
Zip Code,23831,White,21-Feb,2,74.5,4/8/2023
Zip Code,23831,White,21-Mar,12,57.25,4/8/2023
Zip Code,23831,White,21-Apr,6,65.75,4/8/2023
Zip Code,23831,White,21-May,5,74,4/8/2023
Zip Code,23831,White,21-Jun,9,75.25,4/8/2023
Zip Code,23831,White,21-Jul,13,83.5,4/8/2023
Zip Code,23831,White,21-Aug,39,67.25,4/8/2023
Zip Code,23831,White,21-Sep,10,82.25,4/8/2023
Zip Code,23831,White,21-Oct,29,78.5,4/8/2023
Zip Code,23831,White,21-Nov,9,65.25,4/8/2023
Zip Code,23831,White,21-Dec,9,70.75,4/8/2023
Zip Code,23831,White,22-Jan,36,87.25,4/8/2023
Zip Code,23831,White,22-Feb,33,74.5,4/8/2023
Zip Code,23831,White,22-Mar,42,57.25,4/8/2023
Zip Code,23831,White,22-Apr,40,65.75,4/8/2023
Zip Code,23831,White,22-May,57,74,4/8/2023
Zip Code,23831,White,22-Jun,52,75.25,4/8/2023
Zip Code,23831,White,22-Jul,58,83.5,4/8/2023
Zip Code,23831,White,22-Aug,106,67.25,4/8/2023
Zip Code,23831,White,22-Sep,75,82.25,4/8/2023
Zip Code,23831,White,22-Oct,62,78.5,4/8/2023
Zip Code,23831,White,22-Nov,32,65.25,4/8/2023
Zip Code,23831,White,22-Dec,89,70.75,4/8/2023
Zip Code,23831,White,23-Jan,108,87.25,4/8/2023
Zip Code,23831,White,23-Feb,95,74.5,4/8/2023
Zip Code,23831,White,23-Mar,102,57.25,4/8/2023
Zip Code,23831,White,23-Apr,1,4,4/8/2023
Zip Code,23832,White,20-Jan,29,32.25,4/8/2023
Zip Code,23832,White,20-Feb,25,25.5,4/8/2023
Zip Code,23832,White,20-Mar,4,26.5,4/8/2023
Zip Code,23832,White,20-Apr,0,27.25,4/8/2023
Zip Code,23832,White,20-May,1,20.75,4/8/2023
Zip Code,23832,White,20-Jun,5,31.25,4/8/2023
Zip Code,23832,White,20-Jul,8,30.25,4/8/2023
Zip Code,23832,White,20-Aug,2,36.25,4/8/2023
Zip Code,23832,White,20-Sep,8,29.25,4/8/2023
Zip Code,23832,White,20-Oct,21,31,4/8/2023
Zip Code,23832,White,20-Nov,13,30,4/8/2023
Zip Code,23832,White,20-Dec,3,26.25,4/8/2023
Zip Code,23832,White,21-Jan,3,32.25,4/8/2023
Zip Code,23832,White,21-Feb,2,25.5,4/8/2023
Zip Code,23832,White,21-Mar,9,26.5,4/8/2023
Zip Code,23832,White,21-Apr,1,27.25,4/8/2023
Zip Code,23832,White,21-May,8,20.75,4/8/2023
Zip Code,23832,White,21-Jun,7,31.25,4/8/2023
Zip Code,23832,White,21-Jul,7,30.25,4/8/2023
Zip Code,23832,White,21-Aug,21,36.25,4/8/2023
Zip Code,23832,White,21-Sep,2,29.25,4/8/2023
Zip Code,23832,White,21-Oct,10,31,4/8/2023
Zip Code,23832,White,21-Nov,8,30,4/8/2023
Zip Code,23832,White,21-Dec,5,26.25,4/8/2023
Zip Code,23832,White,22-Jan,17,32.25,4/8/2023
Zip Code,23832,White,22-Feb,15,25.5,4/8/2023
Zip Code,23832,White,22-Mar,36,26.5,4/8/2023
Zip Code,23832,White,22-Apr,22,27.25,4/8/2023
Zip Code,23832,White,22-May,8,20.75,4/8/2023
Zip Code,23832,White,22-Jun,21,31.25,4/8/2023
Zip Code,23832,White,22-Jul,20,30.25,4/8/2023
Zip Code,23832,White,22-Aug,26,36.25,4/8/2023
Zip Code,23832,White,22-Sep,24,29.25,4/8/2023
Zip Code,23832,White,22-Oct,18,31,4/8/2023
Zip Code,23832,White,22-Nov,20,30,4/8/2023
Zip Code,23832,White,22-Dec,9,26.25,4/8/2023
Zip Code,23832,White,23-Jan,33,32.25,4/8/2023
Zip Code,23832,White,23-Feb,28,25.5,4/8/2023
Zip Code,23832,White,23-Mar,15,26.5,4/8/2023
Zip Code,23832,White,23-Apr,0,1,4/8/2023
Zip Code,23834,White,20-Jan,17,30.5,4/8/2023
Zip Code,23834,White,20-Feb,10,24,4/8/2023
Zip Code,23834,White,20-Mar,16,19.25,4/8/2023
Zip Code,23834,White,20-Apr,0,17,4/8/2023
Zip Code,23834,White,20-May,6,21.75,4/8/2023
Zip Code,23834,White,20-Jun,1,26.25,4/8/2023
Zip Code,23834,White,20-Jul,3,27.75,4/8/2023
Zip Code,23834,White,20-Aug,1,22.25,4/8/2023
Zip Code,23834,White,20-Sep,24,24,4/8/2023
Zip Code,23834,White,20-Oct,3,33,4/8/2023
Zip Code,23834,White,20-Nov,1,25.5,4/8/2023
Zip Code,23834,White,20-Dec,1,12,4/8/2023
Zip Code,23834,White,21-Jan,1,30.5,4/8/2023
Zip Code,23834,White,21-Feb,2,24,4/8/2023
Zip Code,23834,White,21-Mar,3,19.25,4/8/2023
Zip Code,23834,White,21-Apr,2,17,4/8/2023
Zip Code,23834,White,21-May,0,21.75,4/8/2023
Zip Code,23834,White,21-Jun,3,26.25,4/8/2023
Zip Code,23834,White,21-Jul,6,27.75,4/8/2023
Zip Code,23834,White,21-Aug,1,22.25,4/8/2023
Zip Code,23834,White,21-Sep,2,24,4/8/2023
Zip Code,23834,White,21-Oct,7,33,4/8/2023
Zip Code,23834,White,21-Nov,2,25.5,4/8/2023
Zip Code,23834,White,21-Dec,2,12,4/8/2023
Zip Code,23834,White,22-Jan,5,30.5,4/8/2023
Zip Code,23834,White,22-Feb,2,24,4/8/2023
Zip Code,23834,White,22-Mar,4,19.25,4/8/2023
Zip Code,23834,White,22-Apr,2,17,4/8/2023
Zip Code,23834,White,22-May,5,21.75,4/8/2023
Zip Code,23834,White,22-Jun,3,26.25,4/8/2023
Zip Code,23834,White,22-Jul,6,27.75,4/8/2023
Zip Code,23834,White,22-Aug,5,22.25,4/8/2023
Zip Code,23834,White,22-Sep,1,24,4/8/2023
Zip Code,23834,White,22-Oct,11,33,4/8/2023
Zip Code,23834,White,22-Nov,3,25.5,4/8/2023
Zip Code,23834,White,22-Dec,18,12,4/8/2023
Zip Code,23834,White,23-Jan,1,30.5,4/8/2023
Zip Code,23834,White,23-Feb,4,24,4/8/2023
Zip Code,23834,White,23-Mar,7,19.25,4/8/2023
Zip Code,23834,White,23-Apr,0,1,4/8/2023
Zip Code,23836,White,20-Jan,31,43,4/8/2023
Zip Code,23836,White,20-Feb,40,42.5,4/8/2023
Zip Code,23836,White,20-Mar,18,33.25,4/8/2023
Zip Code,23836,White,20-Apr,0,32.75,4/8/2023
Zip Code,23836,White,20-May,4,40.25,4/8/2023
Zip Code,23836,White,20-Jun,3,42.75,4/8/2023
Zip Code,23836,White,20-Jul,5,39.25,4/8/2023
Zip Code,23836,White,20-Aug,11,47.75,4/8/2023
Zip Code,23836,White,20-Sep,33,42.5,4/8/2023
Zip Code,23836,White,20-Oct,32,42.5,4/8/2023
Zip Code,23836,White,20-Nov,6,41.5,4/8/2023
Zip Code,23836,White,20-Dec,0,49,4/8/2023
Zip Code,23836,White,21-Jan,2,43,4/8/2023
Zip Code,23836,White,21-Feb,4,42.5,4/8/2023
Zip Code,23836,White,21-Mar,16,33.25,4/8/2023
Zip Code,23836,White,21-Apr,6,32.75,4/8/2023
Zip Code,23836,White,21-May,5,40.25,4/8/2023
Zip Code,23836,White,21-Jun,27,42.75,4/8/2023
Zip Code,23836,White,21-Jul,1,39.25,4/8/2023
Zip Code,23836,White,21-Aug,11,47.75,4/8/2023
Zip Code,23836,White,21-Sep,15,42.5,4/8/2023
Zip Code,23836,White,21-Oct,4,42.5,4/8/2023
Zip Code,23836,White,21-Nov,2,41.5,4/8/2023
Zip Code,23836,White,21-Dec,16,49,4/8/2023
Zip Code,23836,White,22-Jan,37,43,4/8/2023
Zip Code,23836,White,22-Feb,8,42.5,4/8/2023
Zip Code,23836,White,22-Mar,12,33.25,4/8/2023
Zip Code,23836,White,22-Apr,16,32.75,4/8/2023
Zip Code,23836,White,22-May,6,40.25,4/8/2023
Zip Code,23836,White,22-Jun,14,42.75,4/8/2023
Zip Code,23836,White,22-Jul,19,39.25,4/8/2023
Zip Code,23836,White,22-Aug,66,47.75,4/8/2023
Zip Code,23836,White,22-Sep,28,42.5,4/8/2023
Zip Code,23836,White,22-Oct,42,42.5,4/8/2023
Zip Code,23836,White,22-Nov,31,41.5,4/8/2023
Zip Code,23836,White,22-Dec,15,49,4/8/2023
Zip Code,23836,White,23-Jan,44,43,4/8/2023
Zip Code,23836,White,23-Feb,32,42.5,4/8/2023
Zip Code,23836,White,23-Mar,23,33.25,4/8/2023
Zip Code,23836,White,23-Apr,0,1.25,4/8/2023
Zip Code,23838,White,20-Jan,2,1.25,4/8/2023
Zip Code,23838,White,20-Feb,1,1.25,4/8/2023
Zip Code,23838,White,20-Mar,1,1.75,4/8/2023
Zip Code,23838,White,20-Apr,0,1.25,4/8/2023
Zip Code,23838,White,20-May,0,1.25,4/8/2023
Zip Code,23838,White,20-Jun,0,1.5,4/8/2023
Zip Code,23838,White,20-Jul,1,0.5,4/8/2023
Zip Code,23838,White,20-Aug,1,2.25,4/8/2023
Zip Code,23838,White,20-Sep,1,2.5,4/8/2023
Zip Code,23838,White,20-Oct,0,0.25,4/8/2023
Zip Code,23838,White,20-Nov,1,2.25,4/8/2023
Zip Code,23838,White,20-Dec,0,1.5,4/8/2023
Zip Code,23838,White,21-Jan,1,1.25,4/8/2023
Zip Code,23838,White,21-Feb,0,1.25,4/8/2023
Zip Code,23838,White,21-Mar,1,1.75,4/8/2023
Zip Code,23838,White,21-Apr,2,1.25,4/8/2023
Zip Code,23838,White,21-May,1,1.25,4/8/2023
Zip Code,23838,White,21-Jun,2,1.5,4/8/2023
Zip Code,23838,White,21-Jul,2,0.5,4/8/2023
Zip Code,23838,White,21-Aug,0,2.25,4/8/2023
Zip Code,23838,White,21-Sep,1,2.5,4/8/2023
Zip Code,23838,White,21-Oct,0,0.25,4/8/2023
Zip Code,23838,White,21-Nov,1,2.25,4/8/2023
Zip Code,23838,White,21-Dec,0,1.5,4/8/2023
Zip Code,23838,White,22-Jan,0,1.25,4/8/2023
Zip Code,23838,White,22-Feb,3,1.25,4/8/2023
Zip Code,23838,White,22-Mar,0,1.75,4/8/2023
Zip Code,23838,White,22-Apr,0,1.25,4/8/2023
Zip Code,23838,White,22-May,0,1.25,4/8/2023
Zip Code,23838,White,22-Jun,4,1.5,4/8/2023
Zip Code,23838,White,22-Jul,5,0.5,4/8/2023
Zip Code,23838,White,22-Aug,3,2.25,4/8/2023
Zip Code,23838,White,22-Sep,3,2.5,4/8/2023
Zip Code,23838,White,22-Oct,2,0.25,4/8/2023
Zip Code,23838,White,22-Nov,2,2.25,4/8/2023
Zip Code,23838,White,22-Dec,0,1.5,4/8/2023
Zip Code,23838,White,23-Jan,2,1.25,4/8/2023
Zip Code,23838,White,23-Feb,1,1.25,4/8/2023
Zip Code,23838,White,23-Mar,1,1.75,4/8/2023
Zip Code,23838,White,23-Apr,0,0,4/8/2023
Zip Code,sealed,,20-Jan,7,79.25,4/8/2023
Zip Code,sealed,,20-Feb,10,44.75,4/8/2023
Zip Code,sealed,,20-Mar,7,78.75,4/8/2023
Zip Code,sealed,,20-Apr,2,67.75,4/8/2023
Zip Code,sealed,,20-May,3,75.25,4/8/2023
Zip Code,sealed,,20-Jun,3,65.5,4/8/2023
Zip Code,sealed,,20-Jul,5,59.75,4/8/2023
Zip Code,sealed,,20-Aug,4,58,4/8/2023
Zip Code,sealed,,20-Sep,55,55.75,4/8/2023
Zip Code,sealed,,20-Oct,24,69.25,4/8/2023
Zip Code,sealed,,20-Nov,3,32,4/8/2023
Zip Code,sealed,,20-Dec,1,30.25,4/8/2023
Zip Code,sealed,,21-Jan,49,79.25,4/8/2023
Zip Code,sealed,,21-Feb,41,44.5,4/8/2023
Zip Code,sealed,,21-Mar,3,78.75,4/8/2023
Zip Code,sealed,,21-Apr,0,67.75,4/8/2023
Zip Code,sealed,,21-May,2,75.25,4/8/2023
Zip Code,sealed,,21-Jun,30,65.5,4/8/2023
Zip Code,sealed,,21-Jul,64,59.75,4/8/2023
Zip Code,sealed,,21-Aug,55,58,4/8/2023
Zip Code,sealed,,21-Sep,5,55.75,4/8/2023
Zip Code,sealed,,21-Oct,0,69.25,4/8/2023
Zip Code,sealed,,21-Nov,46,32,4/8/2023
Zip Code,sealed,,21-Dec,3,30.25,4/8/2023
Zip Code,sealed,,22-Jan,2,79.25,4/8/2023
Zip Code,sealed,,22-Feb,78,44.5,4/8/2023
Zip Code,sealed,,22-Mar,81,78.75,4/8/2023
Zip Code,sealed,,22-Apr,52,67.75,4/8/2023
Zip Code,sealed,,22-May,7,75.25,4/8/2023
Zip Code,sealed,,22-Jun,67,65.5,4/8/2023
Zip Code,sealed,,22-Jul,17,59.75,4/8/2023
Zip Code,sealed,,22-Aug,24,58,4/8/2023
Zip Code,sealed,,22-Sep,5,55.75,4/8/2023
Zip Code,sealed,,22-Oct,45,69.25,4/8/2023
Zip Code,sealed,,22-Nov,14,32,4/8/2023
Zip Code,sealed,,22-Dec,39,30.25,4/8/2023
Zip Code,sealed,,23-Jan,44,79.25,4/8/2023
Zip Code,sealed,,23-Feb,6,44.5,4/8/2023
Zip Code,sealed,,23-Mar,11,78.75,4/8/2023
Zip Code,sealed,,23-Apr,2,2.25,4/8/2023
